update,step,fps,sample_fps,collect_s,learn_s,done,success,fail,timeout,success_rate,fail_rate,timeout_rate,pi_loss,v_loss,teacher_loss,entropy,kl,std_mean,std_min,std_max,teacher_coef
1,32768,44.41901162986497,22742.533954490864,1.4408244950000153,0.6908370340006513,0,0,0,0,0.0,0.0,0.0,0.1301422878867015,0.11255307225510477,0.15486227823421359,2.199644981324673,0.4026519095434196,0.5079832673072815,0.4960390329360962,0.5259963274002075,1.0
2,65536,57.022258629754795,29195.396418434455,1.1223687299998346,0.6274983829998746,1,0,1,0,0.0,1.0,0.0,-0.007711930075311102,0.04165138172684237,0.06114479866810143,2.181400241702795,0.016541322018383653,0.4965111017227173,0.4863148331642151,0.5143170356750488,1.0
3,98304,49.42125956007491,25303.684894758353,1.294989252999585,0.6189384639992568,4,0,4,0,0.0,1.0,0.0,-0.003511395592067856,0.0396286214410793,0.05410143930930644,2.094666972756386,0.010848410313519708,0.4823695123195648,0.47118860483169556,0.49638187885284424,1.0
4,131072,58.75970486878221,30084.96889281649,1.089181780999752,0.635965419999593,4,0,4,0,0.0,1.0,0.0,-0.0006665851542493328,0.05014458089135587,0.04720583837479353,2.0190831810235976,0.014503114067520074,0.470566987991333,0.46781203150749207,0.4721984267234802,1.0
5,163840,57.10695930031275,29238.76316176013,1.120704040000419,0.6131794060001994,1,0,1,0,0.0,1.0,0.0,-0.002098367636790499,0.07326072222786024,0.03118628321099095,1.9270568203181029,0.009880624739162158,0.4537960886955261,0.4429776668548584,0.46190518140792847,1.0
6,196608,46.21701859675392,23663.113521538005,1.384771279999768,0.5455022369997096,505,0,35,470,0.0,0.06930693069306931,0.9306930693069307,-0.0033949215059692504,0.4153648576699197,0.02947461192961782,1.8525277506560087,0.008154909098448116,0.4461030662059784,0.4417104423046112,0.4531876742839813,1.0
7,229376,59.69727908997262,30565.00689406598,1.0720756620003158,0.5352948630006722,2,0,2,0,0.0,1.0,0.0,-0.0018194108328316362,0.05633297781459987,0.05045218592276797,1.7916865170001983,0.014507010067427472,0.436678022146225,0.42795777320861816,0.4481584429740906,1.0
8,262144,57.153303593082256,29262.491439658115,1.1197952869997607,0.6162435679998453,7,0,6,1,0.0,0.8571428571428571,0.14285714285714285,0.0027569196914555504,0.17455268257763237,0.05618782747769728,1.7002959534525872,0.026220671209193823,0.42221638560295105,0.41193097829818726,0.4382418394088745,1.0
9,294912,58.90173863141953,30157.6901792868,1.086555363000116,0.5260574869998891,23,0,23,0,0.0,1.0,0.0,-0.006535729110328248,0.4280230960808694,0.05108196118380874,1.5916089732199907,0.010425728470909234,0.40678566694259644,0.39523735642433167,0.42249175906181335,1.0
10,327680,59.01673947663993,30216.570612039643,1.0844380859998637,0.5714950199999294,10,0,9,1,0.0,0.9,0.1,-0.007574593549361452,0.3307318531908095,0.049582154816016556,1.4715220991522073,0.012658601600196561,0.39076122641563416,0.37582123279571533,0.4101952314376831,1.0
11,360448,58.54395410413278,29974.504501315983,1.093195719000505,0.5667069130004165,2,0,0,2,0.0,0.0,1.0,-0.010532855681958608,0.2936553991399705,0.03957908360753208,1.334724997356534,0.013830466921172046,0.3736291527748108,0.3563186228275299,0.394443541765213,1.0
12,393216,56.310345041748285,28830.89666137512,1.1365584770001078,0.5982307699996454,468,0,0,468,0.0,0.0,1.0,-0.012701738292525988,0.2367552135139704,0.045393114944454284,1.1902682367712258,0.01978468643164888,0.35456404089927673,0.336628794670105,0.3774316608905792,1.0
13,425984,59.22361492340111,30322.490840781367,1.0806500090002373,0.6270255079998606,2,0,0,2,0.0,0.0,1.0,-0.0020071216349606402,0.05752889123978093,0.05271110989851877,1.069638640061021,0.009719245196720294,0.34215450286865234,0.32252368330955505,0.3678413927555084,1.0
14,458752,57.26461311212223,29319.48191340658,1.1176186570000937,0.6153066440001567,9,0,0,9,0.0,0.0,1.0,-0.009984139527659863,0.1858203456737101,0.03013976024230942,0.9142626386135817,0.014222084080756758,0.32329684495925903,0.301421195268631,0.34653010964393616,1.0
15,491520,58.12297849415401,29758.964989006854,1.1011135640001157,0.6155314019997604,28,0,0,28,0.0,0.0,1.0,-0.01677864380180836,0.2915452145971358,0.016503228785586542,0.7328267879784107,0.010597350003263274,0.30397215485572815,0.28249382972717285,0.3254709839820862,1.0
16,524288,58.0544734776277,29723.890420545384,1.1024128919998475,0.610229537000123,3,0,0,3,0.0,0.0,1.0,-0.017751201897044665,0.31981184529140594,0.013868269862723537,0.5658263809978962,0.014965510229740176,0.28769809007644653,0.2660588324069977,0.30846789479255676,1.0
17,557056,58.188240841113995,29792.379310650365,1.0998785850006243,0.636215698000342,8,0,0,8,0.0,0.0,1.0,-0.014417588606738719,0.2689655932597816,0.008434877546096686,0.39896445348858833,0.01171357935636479,0.2718993127346039,0.2506946623325348,0.29089415073394775,1.0
18,589824,56.334963269312745,28843.501193888125,1.1360618039998371,0.5926601210003355,462,0,0,462,0.0,0.0,1.0,-0.0014789755121455527,0.2109661191236228,0.05352524355985224,0.26922008469700814,0.010032224253336608,0.26119324564933777,0.2400466501712799,0.2783103883266449,1.0
19,622592,57.21350279251943,29293.313429769947,1.1186170549999588,0.6328887500003475,2,0,0,2,0.0,0.0,1.0,-0.003593466659003752,0.1673524478916079,0.03574506910517812,0.17586514689028263,0.011588980929445825,0.2551383674144745,0.23528608679771423,0.2748279571533203,1.0
20,655360,56.80077074810272,29081.994623028593,1.1267452740003137,0.6547141840001132,13,0,0,13,0.0,0.0,1.0,-0.004040157003328204,0.26702701207250357,0.01938706457731314,0.08042967915534974,0.007026881635283644,0.2455883026123047,0.2255292683839798,0.26374655961990356,1.0
21,688128,57.1365372806299,29253.90708768251,1.1201238830008151,0.547320915000455,0,0,0,0,0.0,0.0,0.0,-0.0014244608872104436,0.05738987523363903,0.05699144502868876,0.024880042299628258,0.011840730278163392,0.24376194179058075,0.22377906739711761,0.2624383866786957,1.0
22,720896,57.882126996998906,29635.64902246344,1.1056953730003443,0.5422448989993427,0,0,0,0,0.0,0.0,0.0,-0.0025957900084904394,0.1752625746652484,0.018564431968843564,-0.04203286953270435,0.007862811223640164,0.23627865314483643,0.21678663790225983,0.25388047099113464,1.0
23,753664,58.942423593786735,30178.52088001881,1.0858053689998997,0.6171011859996725,0,0,0,0,0.0,0.0,0.0,-0.007976712313393364,0.2614237818401307,0.01792857673135586,-0.15170232877135276,0.009630202336848016,0.22749781608581543,0.20785970985889435,0.24283894896507263,1.0
24,786432,58.332628602288565,29866.305844371745,1.0971561119995386,0.6219937840005514,0,0,0,0,0.0,0.0,0.0,-0.01553055564436363,0.17570034791715444,0.015169970935676246,-0.2907299675047398,0.013614888125448487,0.2168562412261963,0.19795657694339752,0.23114746809005737,1.0
25,819200,58.1685883180759,29782.31721885486,1.1002501840002878,0.6349400619992593,0,0,0,0,0.0,0.0,0.0,-0.012330626943003154,0.12991757153067737,0.007217563378799241,-0.449127259850502,0.0121932622483655,0.20502111315727234,0.18622539937496185,0.2184569090604782,1.0
26,851968,54.1081998188537,27703.398307253094,1.1828151780000553,0.6374583070000881,512,0,0,512,0.0,0.0,1.0,-0.004097274759260472,0.14509146616328508,0.027885228948434815,-0.5832399770617485,0.008494506325041585,0.19636110961437225,0.17768263816833496,0.20809480547904968,1.0
27,884736,57.972889212067045,29682.119276578327,1.1039642989999265,0.6525101800007178,0,0,0,0,0.0,0.0,0.0,0.0005646947596687823,0.080879668565467,0.05774736248422414,-0.6481450438499451,0.015435270610942098,0.1949826329946518,0.1769169121980667,0.20714730024337769,1.0
28,917504,58.109764292802645,29752.199317914954,1.1013639580005474,0.6751442539998607,0,0,0,0,0.0,0.0,0.0,-0.0024610832544567527,0.1621598451398313,0.01377218665147666,-0.6921755887567997,0.007176301239087479,0.191219300031662,0.17391367256641388,0.20211762189865112,1.0
29,950272,53.23901141835522,27258.373846197872,1.2021260029996483,0.6475738069993895,0,0,0,0,0.0,0.0,0.0,-0.004751327174744802,0.1224901037523523,0.007605423113272991,-0.8124554704874754,0.008088752667390509,0.18207955360412598,0.16508343815803528,0.19186332821846008,1.0
30,983040,56.413486272203414,28883.704971368148,1.1344804979999026,0.6548140659997443,0,0,0,0,0.0,0.0,0.0,-0.009868335045757704,0.0763273592106998,0.008409935765666888,-0.9596903152763844,0.01116928238534456,0.17279937863349915,0.1567693054676056,0.1821279674768448,1.0
31,1015808,57.587365688991795,29484.7312327638,1.1113548820003416,0.574732787999892,0,0,0,0,0.0,0.0,0.0,-0.0101313537095848,0.06997863140422851,0.00505948830395937,-1.1166330825537443,0.010625051446004364,0.1639200896024704,0.14862780272960663,0.1723344326019287,1.0
32,1048576,54.73037621901618,28021.952624136284,1.1693689029998495,0.5602177470000242,512,0,0,512,0.0,0.0,1.0,0.00010490067215869203,0.08557913695694878,0.044966009864583614,-1.2207911811769008,0.007308392522463692,0.1598624587059021,0.1448923498392105,0.16860225796699524,1.0
33,1081344,58.246967626931436,29822.447424988895,1.0987696459997096,0.5449438420000661,0,0,0,0,0.0,0.0,0.0,-0.0013879675039788707,0.06595077968668192,0.04406635124469176,-1.268082306161523,0.009380743598012487,0.15858769416809082,0.142917200922966,0.16819605231285095,1.0
34,1114112,57.469252789152634,29424.25742804615,1.1136389789999157,0.5531349869997939,0,0,0,0,0.0,0.0,0.0,-0.0028247623711649796,0.17038939546328039,0.011197076135431416,-1.3182287745177745,0.007199832770493231,0.1549953669309616,0.13967183232307434,0.16355283558368683,1.0
35,1146880,55.880389813789144,28610.75958466004,1.1453033919997324,0.5488126879999982,0,0,0,0,0.0,0.0,0.0,-0.005143321988725802,0.05384760573506355,0.005518116468738299,-1.4508781868964433,0.008817278281276231,0.14686940610408783,0.13350728154182434,0.1538076549768448,1.0
36,1179648,59.968769089647004,30704.009773899266,1.0672221719996742,0.6152211110002099,0,0,0,0,0.0,0.0,0.0,-0.0069473378265684,0.03578752047615126,0.005041929747676477,-1.615999700129032,0.009600438654706523,0.139123797416687,0.12672100961208344,0.14534172415733337,1.0
37,1212416,54.613313247264195,27962.016382599268,1.1718754310004442,0.691469078999944,0,0,0,0,0.0,0.0,0.0,-0.008024200160434702,0.028294100309722126,0.0038333612676069604,-1.7711123570799827,0.011136782060566475,0.1319023221731186,0.11999023705720901,0.13818924129009247,1.0
38,1245184,47.425019127402926,24281.6097932303,1.3494986649993734,0.6363879700002144,512,0,0,512,0.0,0.0,1.0,0.0027017432075808756,0.07726287408731877,0.06629189174855128,-1.8557753920555116,0.009397987379452388,0.1298009157180786,0.11764080822467804,0.13698630034923553,1.0
39,1277952,55.89830332936909,28619.931304636975,1.1449363609999637,0.7329679790000228,0,0,0,0,0.0,0.0,0.0,-0.000556551045156084,0.05240441029891372,0.034016219957266,-1.8914506338536738,0.011002369091511355,0.12881384789943695,0.11740469187498093,0.13581334054470062,1.0
40,1310720,51.172315245257806,26200.225405571997,1.2506762630000594,0.6439748210004836,0,0,0,0,0.0,0.0,0.0,-0.0010426878936414142,0.16198160601779818,0.007880113898136188,-1.9406329698860645,0.007470398216173635,0.12594453990459442,0.11366534978151321,0.13368426263332367,1.0
41,1343488,55.18234542600852,28253.36085811636,1.1597912249999354,0.6348939890003749,0,0,0,0,0.0,0.0,0.0,0.0005995672778226435,0.06717984486604109,0.06722007237840444,-1.9854925863444806,0.016950489808732528,0.1245957463979721,0.1128036379814148,0.13059531152248383,1.0
42,1376256,57.35585450989574,29366.19750906662,1.1158407550001357,0.6212646470003165,0,0,0,0,0.0,0.0,0.0,-0.0009580895930412225,0.04444184171734378,0.01008396151883062,-2.030295003578067,0.00792475572998228,0.12248528003692627,0.11100389808416367,0.12863464653491974,1.0
43,1409024,57.467482588426726,29423.351085274484,1.1136732830000255,0.6665032669998254,0,0,0,0,0.0,0.0,0.0,0.000887541234260425,0.08330312541220337,0.010514256425085477,-2.103447084128857,0.007313146687010885,0.11899204552173615,0.10751745104789734,0.12607495486736298,1.0
44,1441792,57.13710721132312,29254.198892197437,1.1201127099993755,0.644918005999898,0,0,0,0,0.0,0.0,0.0,-0.011106244283291744,0.010120592996827327,0.006757848418783396,-2.2467337921261787,0.013357652369086282,0.11284603178501129,0.10177970677614212,0.11957202851772308,1.0
45,1474560,56.68029582758046,29020.311463721195,1.1291401899998164,0.6305246580004678,0,0,0,0,0.0,0.0,0.0,-0.012274795451958198,0.008147130551515147,0.005399906146340072,-2.402094712853432,0.013995176502794493,0.10695865005254745,0.096394844353199,0.11358270049095154,1.0
46,1507328,55.82744354096241,28583.651092972756,1.1463895879996926,0.6207848230005766,512,0,0,512,0.0,0.0,1.0,-0.002733479832386365,0.02462371237052139,0.026035604934440924,-2.5139679312705994,0.011364650381074171,0.10362200438976288,0.09339967370033264,0.10948246717453003,1.0
47,1540096,56.216855360112554,28783.029944377628,1.1384485949993177,0.6249456589994224,0,0,0,0,0.0,0.0,0.0,0.0018712287419475615,0.03815444560605101,0.04950181826716289,-2.562068170309067,0.00998587621616025,0.10315163433551788,0.0928618460893631,0.10916221141815186,1.0
48,1572864,56.320907802958175,28836.304795114585,1.1363453199992364,0.6222050530004708,0,0,0,0,0.0,0.0,0.0,0.0020357188004709315,0.03314607198699378,0.007152695996046532,-2.5823957815766336,0.006841353680283646,0.10220872610807419,0.09186775982379913,0.10751304775476456,1.0
49,1605632,58.17165702115248,29783.888394830068,1.1001921430006405,0.6417282239999622,0,0,0,0,0.0,0.0,0.0,0.0012923711736220866,0.0394602326414315,0.011723098432412371,-2.646123744547367,0.00894948204040702,0.09937064349651337,0.08924957364797592,0.1049998477101326,1.0
50,1638400,53.29613844684314,27287.622884783686,1.200837469000362,0.6351886980000927,0,0,0,0,0.0,0.0,0.0,-0.010116302697861101,0.006059744220692664,0.005268992703349795,-2.775583176314831,0.014111114888146403,0.09461050480604172,0.08531198650598526,0.09958826750516891,1.0
51,1671168,53.86412990537565,27578.434511552332,1.1881747670004188,0.694211715000165,0,0,0,0,0.0,0.0,0.0,-0.012101686748792417,0.004593041136104148,0.0033274528112087866,-2.937515400350094,0.011989862120026373,0.08953657001256943,0.08072307705879211,0.09436734765768051,1.0
52,1703936,43.982081771360214,22518.82586693643,1.4551380339999014,0.6594547810000222,512,0,0,512,0.0,0.0,1.0,0.0008918323292164132,0.03201063652231824,0.04180598674574867,-3.0279302284121514,0.009909761319795507,0.08763696998357773,0.07944295555353165,0.0921388790011406,1.0
53,1736704,52.07137191883437,26660.5424224432,1.229082269999708,0.6912747839996882,0,0,0,0,0.0,0.0,0.0,0.0027922139372094533,0.02518501224112697,0.039748851873446255,-3.065294000506401,0.007977072481662618,0.08699947595596313,0.07973098009824753,0.09128574281930923,1.0
54,1769472,51.69501663247112,26467.848515825215,1.238030358999822,0.7311616510005479,1,1,0,0,1.0,0.0,0.0,0.0023111455033358653,0.16044762323144823,0.007022853562375531,-3.089335064589977,0.008617104920631391,0.08630397170782089,0.07932237535715103,0.08994581550359726,1.0
55,1802240,51.99353029230228,26620.68750965877,1.2309223789998214,0.6509347970004455,0,0,0,0,0.0,0.0,0.0,0.002249954314174829,0.00560583720653085,0.005046255078195827,-3.1917451813817026,0.011859981210000115,0.0823424682021141,0.07517809420824051,0.08613498508930206,1.0
56,1835008,51.92765752916494,26586.96065493245,1.2324838639997324,0.624873032999858,0,0,0,0,0.0,0.0,0.0,-0.0023844005263526924,0.004096037818817422,0.0022274677281529875,-3.3374471843242643,0.011503323136639664,0.0783289298415184,0.07103770226240158,0.0820612981915474,1.0
57,1867776,54.74596837344864,28029.935807205704,1.1690358559999368,0.6102595729998939,0,0,0,0,0.0,0.0,0.0,-0.005915824958356098,0.0024363744392758234,0.0018802222097292543,-3.4942728877067566,0.01197775797227223,0.0742841362953186,0.06741926074028015,0.07788103818893433,1.0
58,1900544,47.98268014776803,24567.13223565723,1.3338146140004028,0.6696224150000489,511,0,0,511,0.0,0.0,1.0,0.003834445802203845,0.07731022363586817,0.048440954729449,-3.559629327058792,0.010208723169489531,0.07380954921245575,0.06666155904531479,0.07745157927274704,1.0
59,1933312,52.3455941745219,26800.944217355212,1.2226434909998716,0.6917017699997814,0,0,0,0,0.0,0.0,0.0,0.003147823951439932,0.017327469791052864,0.028671020333422347,-3.5747830733656882,0.009460680692427559,0.0735173374414444,0.06689543277025223,0.07716293632984161,1.0
60,1966080,52.652953968257215,26958.312431747694,1.215506352000375,0.6145817779997742,1,0,0,1,0.0,0.0,1.0,0.0026133288847631775,0.3130790703929961,0.005086883989133639,-3.5956277161836625,0.008488861679143155,0.07289792597293854,0.06627888977527618,0.07633061707019806,1.0
61,1998848,55.37783673271016,28353.4524071476,1.1556970040001033,0.5912256050005453,0,0,0,0,0.0,0.0,0.0,0.0032947667292319237,0.08467851102468557,0.07769560306333005,-3.6079010888934135,0.011786904877226334,0.07285013049840927,0.06625892966985703,0.07650546729564667,1.0
62,2031616,57.14069497976949,29256.03582964198,1.1200423800000863,0.6252974509998239,0,0,0,0,0.0,0.0,0.0,0.002460616800817661,0.015553274386911653,0.0097455207927851,-3.634121389687061,0.0094307466486498,0.07169695943593979,0.06518732756376266,0.07561946660280228,1.0
63,2064384,57.751330628125224,29568.681281600115,1.1081995739996273,0.6321209180005098,1,1,0,0,1.0,0.0,0.0,0.004283815482631325,0.1703894562087953,0.009074429945030715,-3.673445200920105,0.015468681206766633,0.07100336253643036,0.0646042674779892,0.0747913047671318,1.0
64,2097152,54.94729817039179,28133.016663240596,1.1647524469999553,0.5511948900002608,4,4,0,0,1.0,0.0,0.0,0.0028632039175136015,0.16430808208824602,0.0027878821441845504,-3.6592080369591713,0.027936531281011413,0.07217204570770264,0.065851591527462,0.07567822933197021,1.0
65,2129920,56.731029127256846,29046.286913155505,1.1281304249996538,0.5785318489997735,2,2,0,0,1.0,0.0,0.0,0.0012903461756650358,0.04103782029123977,0.0016667972267896403,-3.69545928388834,0.015907944274658803,0.0698472261428833,0.06322356313467026,0.07341489940881729,1.0
66,2162688,54.21335776223964,27757.239174266695,1.1805208649993801,0.5675876639998023,505,0,0,505,0.0,0.0,1.0,0.003273783929034835,0.04765942070807796,0.02254320017527789,-3.769948898255825,0.01018062899602228,0.06834583729505539,0.0622209869325161,0.07161160558462143,1.0
67,2195456,54.76396553730021,28039.150355097707,1.168651673999193,0.6335355859991978,0,0,0,0,0.0,0.0,0.0,0.0029278485089889728,0.015423210177686997,0.044647761969827116,-3.8016756057739256,0.00874439507315401,0.0682699903845787,0.06282404810190201,0.07118262350559235,1.0
68,2228224,55.43275415307068,28381.57012637219,1.1545520509998823,0.5880111559999932,0,0,0,0,0.0,0.0,0.0,0.003365684880554909,0.09324150304310024,0.005392919725272805,-3.810061405599117,0.011255126040487085,0.0679050013422966,0.06209631264209747,0.07119651883840561,1.0
69,2260992,52.55984854240998,26910.64245371391,1.2176595210003143,0.5349709880001683,4,3,0,1,0.75,0.0,0.25,0.0037267133960995126,0.07359777546043915,0.0054922285351494795,-3.822201558947563,0.026451416471536503,0.0676448717713356,0.06204630434513092,0.07089824229478836,1.0
70,2293760,55.05675530782694,28189.058717607393,1.1624368279999544,0.6260812529999384,7,2,0,5,0.2857142857142857,0.0,0.7142857142857143,0.002142138460476417,0.069427043556243,0.0020102462112845387,-3.825453758239746,0.030208067383500747,0.0675366222858429,0.06196385622024536,0.07053901255130768,1.0
71,2326528,56.33931043388359,28845.726942148398,1.1359741449996363,0.5535678840005858,2,1,0,1,0.5,0.0,0.5,0.002315716833982151,0.04472214241613983,0.0010476061201188714,-3.8760043159127235,0.028807092525312328,0.06599084287881851,0.06047215312719345,0.06888854503631592,1.0
72,2359296,55.75306227896071,28545.567886827885,1.1479190090003613,0.5825754970001071,499,0,0,499,0.0,0.0,1.0,0.004255653105064994,0.03173112705262611,0.03201952531817369,-3.9284986793994903,0.010927740568149602,0.06496147066354752,0.05946402996778488,0.06855771690607071,1.0
73,2392064,53.96835695251653,27631.798759688463,1.185880089999955,0.6384309230006693,0,0,0,0,0.0,0.0,0.0,0.004404679195431527,0.018531984463334084,0.03063395429053344,-3.9520247757434843,0.010225444077514112,0.06499519944190979,0.060065578669309616,0.06875237822532654,1.0
74,2424832,55.47125316674224,28401.281621372025,1.1537507509992793,0.5553698080002505,4,2,0,2,0.5,0.0,0.5,0.004029585859825602,0.1927493669791147,0.005052228468412068,-3.9416338384151457,0.016456054010268416,0.06531170010566711,0.060367144644260406,0.06926319748163223,1.0
75,2457600,57.65193536549193,29517.790907131868,1.110110173999601,0.5422681979998742,5,2,0,3,0.4,0.0,0.6,0.002247532301407773,0.0904787335979563,0.003228252693588729,-3.926645015180111,0.027514170095309966,0.06556640565395355,0.05986331030726433,0.07017809897661209,1.0
76,2490368,56.18943431964606,28768.990371658783,1.13900416999968,0.6207703199997923,10,3,0,7,0.3,0.0,0.7,0.003332502081320854,0.13095252811763203,0.0016431273148555191,-3.910270054638386,0.032189112631022,0.06586816906929016,0.060288865119218826,0.07129300385713577,1.0
77,2523136,57.661383050526226,29522.628121869428,1.1099282850000236,0.570117522000146,2,1,0,1,0.5,0.0,0.5,0.0020096014042792374,0.04713027719608363,0.0009233797858541948,-3.9464579060673715,0.023338740115286784,0.06452634930610657,0.058459602296352386,0.06992781907320023,1.0
78,2555904,54.808310985308616,28061.85522447801,1.1677061170003071,0.5609764719993109,491,5,0,486,0.010183299389002037,0.0,0.9898167006109979,0.004358773851708975,0.24465275979600848,0.0367907504318282,-3.947280789911747,0.039540575936553066,0.06557594984769821,0.05970936641097069,0.07112887501716614,1.0
79,2588672,56.915962623398705,29140.972863180137,1.1244648609999786,0.5884771350001756,0,0,0,0,0.0,0.0,0.0,0.0031094465419300834,0.01397510413080454,0.02419635703554377,-3.9229839876294137,0.011694696577251307,0.06565733253955841,0.05977807566523552,0.0710844099521637,1.0
80,2621440,59.19691230386971,30308.81909958129,1.0811374699997032,0.5484613230000832,5,1,0,4,0.2,0.0,0.8,0.0023913627497677225,0.16154035618528723,0.006810192689590622,-3.9409091800451277,0.018641466105691507,0.06478910148143768,0.058927055448293686,0.07058680057525635,1.0
81,2654208,57.46927172817622,29424.267124826223,1.1136386119997042,0.6293237110003247,0,0,0,0,0.0,0.0,0.0,0.0031818233837839216,0.09196806547697634,0.051573964301496744,-3.9704633563756944,0.01612056438716536,0.06452617049217224,0.05887309089303017,0.06997209787368774,1.0
82,2686976,57.37294241511488,29374.946516538817,1.1155084140000326,0.6180142660005004,1,1,0,0,1.0,0.0,0.0,0.002457923897600267,0.05740958774113096,0.008156656702340115,-3.984495609998703,0.013464562437366111,0.06418859958648682,0.05884944275021553,0.06861330568790436,1.0
83,2719744,56.6900111083295,29025.285687464704,1.128946683000322,0.6322330360007982,2,2,0,0,1.0,0.0,0.0,0.0037564080404990817,0.10951661618892103,0.005518497570301406,-3.9916983783245086,0.020660620178023236,0.06409870088100433,0.05874739959836006,0.06921418756246567,1.0
84,2752512,55.852420722879636,28596.439410114373,1.1458769229993777,0.6197191239998574,4,4,0,0,1.0,0.0,0.0,0.004816315690550255,0.15004651391936932,0.0011476523857709253,-3.9697711363434793,0.049969804460488376,0.06488307565450668,0.05882703885436058,0.07036247849464417,1.0
85,2785280,56.81501452235458,29089.287435445545,1.1264627939999627,0.6340693720003401,2,2,0,0,1.0,0.0,0.0,0.0033239345233596397,0.09370472459158918,0.0006584267575817648,-3.9395878329873084,0.02707259870512644,0.06559067219495773,0.059836454689502716,0.07154654711484909,1.0
86,2818048,55.81651822491069,28578.057331154272,1.1466139780004596,0.6488680310003474,503,2,0,501,0.003976143141153081,0.0,0.9960238568588469,0.004537480493308976,0.18766437137383035,0.018188653988181612,-3.9375989884138107,0.03193009262322448,0.06504923850297928,0.05967020243406296,0.07067834585905075,1.0
87,2850816,56.501396685415266,28928.715102932616,1.1327153619995443,0.5637101579995942,0,0,0,0,0.0,0.0,0.0,0.0027463634047308005,0.02389421217958443,0.029292751086177304,-3.946369729936123,0.010834334175888216,0.06511333584785461,0.05971428006887436,0.06995499134063721,1.0
88,2883584,57.27130409872454,29322.907698546966,1.1174880859998666,0.5381149550003101,3,1,0,2,0.3333333333333333,0.0,0.6666666666666666,0.0023222798634378707,0.061580770346336064,0.006345545960357413,-3.951973909139633,0.009924028639215977,0.06492669880390167,0.059898678213357925,0.0694744884967804,1.0
89,2916352,56.72160799309767,29041.463292466007,1.128317801000776,0.635108126999512,5,3,0,2,0.6,0.0,0.4,0.0033317365872790107,0.11921263807598734,0.0044693666823150124,-3.9521912306547167,0.017502217768196715,0.06495578587055206,0.0596732459962368,0.06924809515476227,1.0
90,2949120,56.73076456514364,29046.151457353542,1.1281356859999505,0.6169230380000954,4,1,0,3,0.25,0.0,0.75,0.0034244080059579575,0.1986084852134809,0.006579586140287574,-3.942957416176796,0.019275716751872098,0.06528302282094955,0.05996467545628548,0.06988362222909927,1.0
91,2981888,55.16538500971782,28244.677124975526,1.1601477989997875,0.6463102990001062,9,7,0,2,0.7777777777777778,0.0,0.2222222222222222,0.002324709467939101,0.288139246951323,0.0037545857885561418,-3.866635110974312,0.032733664046463676,0.0679716169834137,0.062173668295145035,0.07321330904960632,1.0
92,3014656,53.97007957314036,27632.680741447864,1.1858422389996122,0.6002702660007344,491,1,0,490,0.002036659877800407,0.0,0.9979633401221996,0.003201803509000456,0.1361389221769059,0.02259458107291721,-3.83415225148201,0.014098462675974588,0.06729232519865036,0.061899952590465546,0.07231420278549194,1.0
93,3047424,56.80510529708292,29084.213912106454,1.1266592969996054,0.6327168690004328,1,1,0,0,1.0,0.0,0.0,0.002458995245251572,0.05580202364362776,0.017565043194917963,-3.8330521538853644,0.008996474407467758,0.06776582449674606,0.061864010989665985,0.07318738102912903,1.0
94,3080192,56.04737565563692,28696.256335686103,1.1418911099999605,0.6404366300002948,6,2,0,4,0.3333333333333333,0.0,0.6666666666666666,0.0029198491771239786,0.09907217559957644,0.005305603329907172,-3.8202161729335784,0.013147702012793161,0.06794764846563339,0.06195179000496864,0.07367274910211563,1.0
95,3112960,55.97877712311576,28661.13388703527,1.143290426999556,0.6390613129997291,9,3,2,4,0.3333333333333333,0.2222222222222222,0.4444444444444444,0.004169616520812269,0.19129735873284517,0.004312716150889173,-3.809377688169479,0.015316015364442137,0.06827257573604584,0.06206516921520233,0.07430258393287659,1.0
96,3145728,55.38048562985718,28354.808642486878,1.1556417259998852,0.6646594979993097,7,2,0,5,0.2857142857142857,0.0,0.7142857142857143,0.0032225288123299833,0.2589620160870254,0.007436476810835302,-3.812189720571041,0.014209638890315545,0.0679943859577179,0.06192325800657272,0.074709951877594,1.0
97,3178496,49.02268159829771,25099.612978328427,1.3055181380004797,0.6481336560000273,12,3,0,9,0.25,0.0,0.75,0.002320296281686751,0.1309796349996759,0.003148571380734211,-3.805868408083916,0.02566584696796781,0.06848159432411194,0.06190430372953415,0.07550368458032608,1.0
98,3211264,55.578618269894235,28456.25255418585,1.1515219699995214,0.6404870690003008,477,0,0,477,0.0,0.0,1.0,0.0035284192068502306,0.19078323745634407,0.021965017577167602,-3.8129159182310106,0.014783188612273079,0.06778969615697861,0.06112291291356087,0.07503382116556168,1.0
99,3244032,54.828282236279655,28072.080504975183,1.167280779000066,0.6094210210003439,2,0,0,2,0.0,0.0,1.0,0.0022257470358454158,0.010037007802748122,0.010611907203565352,-3.8385778427124024,0.008134990255348385,0.06754225492477417,0.06084681302309036,0.07484978437423706,1.0
100,3276800,50.46941516297364,25840.340563442503,1.2680947420003577,0.6389237490002415,7,1,0,6,0.14285714285714285,0.0,0.8571428571428571,0.0022211019197129643,0.08421978292317363,0.0037068333171191626,-3.8488129273056986,0.013579587780259316,0.06720008701086044,0.060372740030288696,0.07369516044855118,1.0
101,3309568,56.0395770196256,28692.263434048305,1.1420500189997256,0.6287895799996477,0,0,0,0,0.0,0.0,0.0,0.0030968416220275687,0.228370955347782,0.03023227517842315,-3.8665155962109568,0.014110537800297607,0.06674359738826752,0.05992580205202103,0.07331425696611404,1.0
102,3342336,56.331980415230944,28841.973972598244,1.1361219599994001,0.6073114860000715,1,1,0,0,1.0,0.0,0.0,0.0021223452684353107,0.052991873321298046,0.005549845524365082,-3.8964210748672485,0.011968710890505463,0.06588059663772583,0.05914878845214844,0.07216174900531769,1.0
103,3375104,55.195444520595956,28260.06759454513,1.1595159809994584,0.6313976639994507,3,2,1,0,0.6666666666666666,0.3333333333333333,0.0,0.0026412770079332405,0.09678539335654932,0.0034210650417662693,-3.9201977044343947,0.013912750485542347,0.06557703018188477,0.058626703917980194,0.07166000455617905,1.0
104,3407872,57.074498048298935,29222.143000729055,1.1213414430003468,0.549596876000578,2,1,1,0,0.5,0.5,0.0,0.003124073539038363,0.06780635954200989,0.0029530119823903077,-3.9224185228347777,0.0183183373981592,0.06567145138978958,0.05810559168457985,0.07161155343055725,1.0
105,3440640,58.40299734107174,29902.33463862873,1.0958341680006924,0.5458973790000528,2,2,0,0,1.0,0.0,0.0,0.0038011970988009124,0.19937174387741835,0.0046828165301121775,-3.9272389113903046,0.013518678157925023,0.06552673876285553,0.058235254138708115,0.07133001834154129,1.0
106,3473408,55.75270199789859,28545.38342292408,1.14792642699922,0.6195208839999395,504,1,0,503,0.001984126984126984,0.0,0.998015873015873,0.0026631785942299755,0.11715289574931376,0.012714145501377061,-3.9610205054283143,0.022944665586328482,0.06426606327295303,0.057134706526994705,0.07039155811071396,1.0
107,3506176,55.49652064998271,28414.21857279115,1.153225449999809,0.5970132869997542,0,0,0,0,0.0,0.0,0.0,0.003709827910643071,0.014517223002621904,0.01689755606057588,-3.9860842183232306,0.007555832783327787,0.06425122916698456,0.05759922415018082,0.07014016807079315,1.0
108,3538944,57.69292435476192,29538.777269638103,1.109321476000332,0.5556056959994748,3,1,0,2,0.3333333333333333,0.0,0.6666666666666666,0.0027003051029169,0.0553487279888941,0.005169682558334898,-3.9953756600618364,0.011269858894229401,0.06407999992370605,0.05733054503798485,0.06955345720052719,1.0
109,3571712,57.79567017743591,29591.383130847185,1.1073493879994203,0.6212742719999369,7,3,2,2,0.42857142857142855,0.2857142857142857,0.2857142857142857,0.0035114996768243144,0.1798510479100514,0.003868109059112612,-3.9873364329338075,0.011406746839202241,0.06429295986890793,0.057650141417980194,0.07007156312465668,1.0
110,3604480,57.51779743324151,29449.112285819654,1.1126990749999095,0.6574363569998241,3,1,0,2,0.3333333333333333,0.0,0.6666666666666666,0.00242595096497098,0.050018132761033486,0.0033335033076582476,-4.007853539288044,0.011542234506487148,0.0635867640376091,0.05672244727611542,0.06972397118806839,1.0
111,3637248,55.39008781345263,28359.724960487747,1.1554413889998614,0.6293977349996567,6,4,0,2,0.6666666666666666,0.0,0.3333333333333333,0.00399688157995115,0.23389922223286702,0.005794645556306932,-3.997116196155548,0.043665565714763946,0.06448766589164734,0.05792395770549774,0.07022660970687866,1.0
112,3670016,56.41699985109495,28885.503923760614,1.1344098439994923,0.6307306460003019,493,1,0,492,0.002028397565922921,0.0,0.9979716024340771,0.0033206577538294367,0.14975160600442905,0.015803014280390926,-3.9910903930664063,0.016397760092513636,0.06391896307468414,0.05682450905442238,0.0698331892490387,1.0
113,3702784,56.49786385856346,28926.906295584493,1.1327861910003776,0.5733646329999829,0,0,0,0,0.0,0.0,0.0,0.0013539704988943413,0.01731922540056985,0.010913786038872785,-3.9903087243437767,0.0064521176162088524,0.06443120539188385,0.057639721781015396,0.06999818235635757,1.0
114,3735552,58.635519039178405,30021.385748059343,1.0914885900001536,0.5773794230008207,4,0,0,4,0.0,0.0,1.0,0.002765513207123149,0.013744356014649383,0.00398404481165926,-3.9850878357887267,0.007555310681345873,0.06431233882904053,0.05762065201997757,0.06994276493787766,1.0
115,3768320,58.40487063036054,29903.293762744597,1.0957990200004133,0.558622887000638,7,1,0,6,0.14285714285714285,0.0,0.8571428571428571,0.003197607038600836,0.05258668559181388,0.0031211182173137785,-3.989079770445824,0.010106772815925069,0.06417263299226761,0.05731663107872009,0.06981850415468216,1.0
116,3801088,56.934204467001905,29150.312687104975,1.1241045799997664,0.5454144080003971,9,6,0,3,0.6666666666666666,0.0,0.3333333333333333,0.003492741967784241,0.4259881767909974,0.004097603326954413,-3.9659814566373823,0.04643433041310345,0.06509537994861603,0.05754972621798515,0.07059148699045181,1.0
117,3833856,57.52367289687301,29452.12052319898,1.1125854239999171,0.5612499540002318,8,1,0,7,0.125,0.0,0.875,0.0020753213575517293,0.046790193153719885,0.003754769145598402,-3.989053076505661,0.02865324175909336,0.0635259672999382,0.056355107575654984,0.06861121207475662,1.0
118,3866624,55.32399447936176,28325.88517343322,1.156821748000766,0.6264313639994725,484,0,0,484,0.0,0.0,1.0,0.002951390550879296,0.15805952697992326,0.01625966388382949,-4.03804177492857,0.014456352373599657,0.06291328370571136,0.05630305036902428,0.0679660513997078,1.0
119,3899392,55.33437584162221,28331.200430910572,1.1566047149999577,0.5674715779996404,1,1,0,0,1.0,0.0,0.0,0.0018950478319311515,0.05391342887160135,0.00859009806154063,-4.053786715865135,0.014876693240512395,0.06269817054271698,0.056518618017435074,0.06707308441400528,1.0
120,3932160,57.62563291300318,29504.32405145763,1.110616869000296,0.6318396790002225,6,2,0,4,0.3333333333333333,0.0,0.6666666666666666,0.0035867303486156743,0.05717880474840058,0.003372933507489506,-4.05854464918375,0.013341354190561105,0.06267029047012329,0.05663127452135086,0.06704181432723999,1.0
121,3964928,58.448777927168486,29925.774298710265,1.0949758449996807,0.6176194259996919,0,0,0,0,0.0,0.0,0.0,0.0032394436064350886,0.27705209265695885,0.021588404633803293,-4.0769446909427645,0.012808298290838138,0.06213771551847458,0.05627112835645676,0.06601250916719437,1.0
122,3997696,50.775105911587254,25996.854226732674,1.260460196999702,0.6328842689999874,2,2,0,0,1.0,0.0,0.0,0.0014355360501213,0.09803680399636505,0.004344916986883618,-4.0787536427378654,0.01563410992421268,0.06239189952611923,0.05630255490541458,0.06656120717525482,1.0
123,4030464,56.69687833355899,29028.801706782204,1.1288099430003058,0.6252264750000904,4,3,1,0,0.75,0.25,0.0,0.0034273538825800643,0.16496070602006513,0.0025215827521606116,-4.050370854139328,0.02318959107797127,0.06338587403297424,0.05715164169669151,0.0682201161980629,1.0
124,4063232,56.537309793645896,28947.1026143467,1.131995848999395,0.6355381069997748,1,1,0,0,1.0,0.0,0.0,0.003239901768392883,0.047144347475295945,0.00251296467067732,-4.051654727756977,0.022472690581707866,0.06249973177909851,0.05641821026802063,0.06721530109643936,1.0
125,4096000,58.04720033903037,29720.16657358355,1.1025510210001812,0.6278900779998366,4,4,0,0,1.0,0.0,0.0,0.002801911437200033,0.3119379702489823,0.004100017072050832,-4.062054699659347,0.027824637026787967,0.06275373697280884,0.05649933964014053,0.06824629753828049,1.0
126,4128768,55.12106457743813,28221.985063648324,1.161080623000089,0.6397831790000055,502,3,0,499,0.00597609561752988,0.0,0.9940239043824701,0.0032603190746158363,0.2565755105460994,0.011643873568391427,-4.029800629615783,0.042123950112727473,0.0639042854309082,0.057150643318891525,0.07013556361198425,1.0
127,4161536,57.25265423845829,29313.358970090645,1.117852103999212,0.6124062740000227,0,0,0,0,0.0,0.0,0.0,0.002713880706141936,0.011031182394071947,0.013322741139563731,-4.002438297867775,0.007702140993205831,0.06391012668609619,0.057618193328380585,0.06952182203531265,1.0
128,4194304,57.04605147061988,29207.57835295738,1.1219006109995462,0.6130010130000301,2,1,0,1,0.5,0.0,0.5,0.0024807923902699256,0.05480025804135948,0.004831768594885944,-4.001466949284077,0.011259241942752851,0.0639633983373642,0.05755627527832985,0.07000067085027695,1.0
129,4227072,55.72537471683794,28531.391855021026,1.1484893609995197,0.6615394950003974,9,1,4,4,0.1111111111111111,0.4444444444444444,0.4444444444444444,0.0038828252436360344,0.1726031880854862,0.0041000143908604516,-3.9885027334094048,0.011655947094914154,0.06448327749967575,0.05772275850176811,0.07137984782457352,1.0
130,4259840,57.62380891316624,29503.390163541117,1.1106520240000464,0.6243725450003694,5,2,2,1,0.4,0.4,0.2,0.004249634141160641,0.13675273886947253,0.0032298825135512743,-3.978964611887932,0.021852852113806876,0.06443895399570465,0.05712500587105751,0.07120721787214279,1.0
131,4292608,58.86862640478884,30140.736719251887,1.0871665249997022,0.5855954150001708,5,1,0,4,0.2,0.0,0.8,0.001463824589154683,0.1981668109074235,0.004244659425603458,-4.011780178546905,0.010370580877861357,0.06312683969736099,0.05650988593697548,0.06938710063695908,1.0
132,4325376,54.63129505422351,27971.223067762436,1.1714897100000599,0.5804447470000014,492,1,0,491,0.0020325203252032522,0.0,0.9979674796747967,0.002710311790724518,0.13639168266090565,0.015467914906912484,-4.045949463546276,0.01696124312984466,0.06295131891965866,0.056436020880937576,0.06895248591899872,1.0
133,4358144,57.82199563512252,29604.86176518273,1.1068452290001005,0.5872058519998973,1,1,0,0,1.0,0.0,0.0,0.0025961727747926488,0.053676363233535085,0.0076156633163918745,-4.0428044751286505,0.011342195969700698,0.06332206726074219,0.05633726716041565,0.06920016556978226,1.0
134,4390912,58.246264337389185,29822.087340743263,1.0987829129999227,0.5308774120003363,1,0,0,1,0.0,0.0,1.0,0.002394462053780444,0.02312331112625543,0.004474781323369825,-4.042463481426239,0.00796940185027779,0.062954843044281,0.055767208337783813,0.06878750026226044,1.0
135,4423680,55.13899024843788,28231.163007200194,1.1607031559997267,0.5539758499999152,13,1,2,10,0.07692307692307693,0.15384615384615385,0.7692307692307693,0.0024711946833122058,0.09345506789613864,0.003784077074669767,-4.048482498526573,0.012640373048270703,0.06300148367881775,0.05559256300330162,0.06839238852262497,1.0
136,4456448,57.435884667485,29407.17294975232,1.1142859619994852,0.5298146690001886,6,3,0,3,0.5,0.0,0.5,0.003746923289145343,0.31835849373601377,0.004960832647338975,-4.041822855174542,0.023902377802369302,0.06340889632701874,0.055083103477954865,0.06947622448205948,1.0
137,4489216,57.819577582109915,29603.623722040276,1.1068915180003387,0.5362471739999819,11,4,1,6,0.36363636363636365,0.09090909090909091,0.5454545454545454,0.0033327537210425364,0.19729847908638476,0.0012174348350526998,-4.00230048596859,0.05152156773256138,0.06439507007598877,0.055870216339826584,0.07084763050079346,1.0
138,4521984,54.537418085079054,27923.158059560476,1.173506231999454,0.6208149359999879,481,3,0,478,0.006237006237006237,0.0,0.9937629937629938,0.002167876910243649,0.41231099410797467,0.0138665382983163,-3.9870327338576317,0.015403386840262101,0.06431572884321213,0.05532383173704147,0.07098795473575592,1.0
139,4554752,57.08352636038213,29226.76549651565,1.1211640920000718,0.6317015919994446,2,1,0,1,0.5,0.0,0.5,0.002047089207189856,0.05135138294572243,0.005838753365969751,-4.004102842509747,0.018907447153469547,0.06392877548933029,0.05526617914438248,0.07031508535146713,1.0
140,4587520,56.14118388429617,28744.28614875964,1.1399830850004946,0.6230925159998151,4,1,0,3,0.25,0.0,0.75,0.0017890494033053982,0.059180909398855876,0.0029042736856354167,-4.03016519844532,0.016467409399774625,0.06307398527860641,0.05517115443944931,0.06916376203298569,1.0
141,4620288,55.91459071428055,28628.27044571164,1.1446028520003892,0.6325799440000992,0,0,0,0,0.0,0.0,0.0,0.0022765267131035216,0.4513038922974374,0.017169654200552033,-4.057593609392643,0.011338154516852227,0.06263116747140884,0.05452302098274231,0.0691848024725914,1.0
142,4653056,53.11011629444999,27192.379542758394,1.2050434920001862,0.6686567370006742,2,2,0,0,1.0,0.0,0.0,0.001765650772722438,0.056969152599049264,0.004315708996728063,-4.09079133272171,0.01511868973284436,0.061913471668958664,0.0541699044406414,0.06872987747192383,1.0
143,4685824,56.74754019896534,29054.740581870254,1.127802187999805,0.6562633939993248,8,4,4,0,0.5,0.5,0.0,0.0030437726381933317,0.26316268839000256,0.0036177868852973914,-4.072400850057602,0.022108824953465955,0.06298250705003738,0.054757919162511826,0.07043923437595367,1.0
144,4718592,57.302558760158945,29338.91008520138,1.1168785720001324,0.6154828779999661,4,4,0,0,1.0,0.0,0.0,0.0021711921042879114,0.1824942180155631,0.003787322160496842,-4.04297631829977,0.0302100088858424,0.06322245299816132,0.05578690394759178,0.07073713093996048,1.0
145,4751360,50.83318178230441,26026.589072539857,1.259020146999319,0.5663179709999895,4,4,0,0,1.0,0.0,0.0,0.002660067378747044,0.5821160137653351,0.005593284092174145,-4.040552258491516,0.008681861947479774,0.06329232454299927,0.056007020175457,0.0704604983329773,1.0
146,4784128,53.654257601053,27470.979891739134,1.192822394000359,0.591510019999987,494,6,0,488,0.012145748987854251,0.0,0.9878542510121457,0.0027280534690362402,0.49836018120404335,0.01099592398677487,-4.008589367568493,0.03146161551376281,0.0644720196723938,0.05650285258889198,0.07262785732746124,1.0
147,4816896,54.31775989685323,27810.693067188855,1.1782518300005904,0.6323515909998605,1,0,0,1,0.0,0.0,1.0,0.0011405252436816227,0.008322792747640051,0.008860315936908591,-3.9792912766337394,0.007720333421457326,0.06455832719802856,0.056418534368276596,0.0728587880730629,1.0
148,4849664,51.64823757618202,26443.897639005194,1.2391516729994692,0.5657917839998845,4,3,0,1,0.75,0.0,0.25,0.00182724222613615,0.14157180298061575,0.00412304508354282,-3.969330461323261,0.012703165921629988,0.06504510343074799,0.05667934566736221,0.07377953082323074,1.0
149,4882432,51.381690879338606,26307.425730221366,1.2455798729997696,0.5832907619997059,12,2,2,8,0.16666666666666666,0.16666666666666666,0.6666666666666666,0.002788937185687246,0.15343240815054743,0.0033781995021854526,-3.962372162938118,0.015270785576285561,0.06510072946548462,0.05585517734289169,0.07451697438955307,1.0
150,4915200,53.601378371530195,27443.90572622346,1.1939991459994417,0.5731834870002785,8,2,0,6,0.25,0.0,0.75,0.002610901460138848,0.09133841788534483,0.0035099399960017764,-3.969066594541073,0.017664854091344752,0.06465601176023483,0.056191571056842804,0.073768749833107,1.0
151,4947968,55.86915050375561,28605.005057922874,1.1455337950001194,0.6285596409998107,7,4,0,3,0.5714285714285714,0.0,0.42857142857142855,0.004552942560985684,0.4933123794849962,0.004991211295418907,-3.9730973809957506,0.019551190333004342,0.06475481390953064,0.05662965402007103,0.07411950826644897,1.0
152,4980736,52.93704134810661,27103.765170230585,1.2089833199997884,0.6269524549998096,480,2,0,478,0.004166666666666667,0.0,0.9958333333333333,0.0013792894184007309,0.28270173494238404,0.012807115286705084,-4.004094456136227,0.023822427455888827,0.06363837420940399,0.05574096739292145,0.07193313539028168,1.0
153,5013504,56.175099956344305,28761.651177648284,1.1392948129996512,0.6163205140001082,2,1,0,1,0.5,0.0,0.5,0.0014831781103566755,0.07967025368416217,0.006661516042368021,-4.019475464522839,0.009288633347750874,0.06375982612371445,0.055964145809412,0.0711216852068901,1.0
154,5046272,53.865119735376084,27578.941304512555,1.1881529330003104,0.6061101369996322,6,1,1,4,0.16666666666666666,0.16666666666666666,0.6666666666666666,0.0022949762955249754,0.08493451048998395,0.0047824566769122615,-4.008602547645569,0.007824846311996226,0.06397544592618942,0.05615100637078285,0.07159373909235,1.0
155,5079040,55.12533205489907,28224.170012108323,1.1609907389993168,0.6608036770003309,17,3,3,11,0.17647058823529413,0.17647058823529413,0.6470588235294118,0.0030101715223281645,0.22106301187886856,0.004399131984246196,-3.995857959985733,0.011264945401126169,0.06449897587299347,0.05588862672448158,0.0725223496556282,1.0
156,5111808,57.17561867025132,29273.916759168675,1.1193582420000894,0.560499764999804,9,0,1,8,0.0,0.1111111111111111,0.8888888888888888,0.002174865307461005,0.025679936867527432,0.004223409189580707,-4.001039631664753,0.007451275791390799,0.06376247853040695,0.0552668422460556,0.07124793529510498,1.0
157,5144576,56.71792694063429,29039.578593604758,1.1283910299998752,0.6146376659999078,9,2,0,7,0.2222222222222222,0.0,0.7777777777777778,0.0032502997550182045,0.38378862692043186,0.004934401297214208,-4.030659279227256,0.010739191024185857,0.06328307837247849,0.05476905405521393,0.07122927159070969,1.0
158,5177344,56.848639597224874,29106.503473779136,1.1257965090007929,0.5724641419992622,470,3,0,467,0.006382978723404255,0.0,0.9936170212765958,0.003024695470230654,0.31379583320231175,0.012753395613981412,-4.048419407010078,0.027072138234143495,0.06300483644008636,0.053679000586271286,0.07125522941350937,1.0
159,5210112,58.99427418625034,30205.068383360172,1.084851045000505,0.5465297809996628,3,0,0,3,0.0,0.0,1.0,0.002888592702220194,0.013190914946608245,0.006657618282770272,-4.063632306456566,0.006495428700509365,0.06269749253988266,0.053618717938661575,0.0705946832895279,1.0
160,5242880,57.82872821648104,29608.308846838292,1.1067163670004447,0.5502658470004462,8,0,1,7,0.0,0.125,0.875,0.00309310689845006,0.06936425747262547,0.004508276904380182,-4.08313040137291,0.007696809716071585,0.062281738966703415,0.0531131811439991,0.07030323892831802,1.0
161,5275648,54.30560057725098,27804.4674955525,1.1785156469995854,0.5391244960001131,0,0,0,0,0.0,0.0,0.0,0.0026956851535942404,0.21990574576775543,0.01632227434311062,-4.087815630435943,0.009819383683861815,0.06238425523042679,0.053562551736831665,0.07042956352233887,1.0
162,5308416,57.92801191648609,29659.14210124088,1.1048195489993304,0.5791026130000319,0,0,0,0,0.0,0.0,0.0,0.0019016374069906305,0.007454036857234314,0.005715198717371095,-4.10353274345398,0.007178137807568419,0.061791323125362396,0.05282563343644142,0.06983275711536407,1.0
163,5341184,56.754261122351735,29058.18169464409,1.127668631999768,0.6282689500003471,4,2,2,0,0.5,0.5,0.0,0.0021982305479468778,0.14499597174290102,0.004907857847865671,-4.105248628556728,0.013441299190890276,0.06209844350814819,0.05272092670202255,0.07054156810045242,1.0
164,5373952,56.45575098314622,28905.344503370863,1.1336311869999918,0.6191358269998091,7,6,1,0,0.8571428571428571,0.14285714285714285,0.0,0.00241990042704856,0.267882555335018,0.004664664356096182,-4.052734030783176,0.02399160849672626,0.06380854547023773,0.05464370921254158,0.07212046533823013,1.0
165,5406720,59.421450879706555,30423.782850409756,1.077052126000126,0.6218620890003876,4,4,0,0,1.0,0.0,0.0,0.002573969175136881,0.5336955568520352,0.00561266286240425,-4.02500652372837,0.01495356401137542,0.06365475058555603,0.05474814400076866,0.07279150933027267,1.0
166,5439488,56.118117223731765,28732.476018550664,1.1404516610000428,0.6139817530001892,497,5,0,492,0.01006036217303823,0.0,0.9899396378269618,0.0027594584600592496,0.3487651153700426,0.009915637617814355,-4.015116925537586,0.022529575045700766,0.06403946876525879,0.05509429797530174,0.07385441660881042,1.0
167,5472256,56.78634894570828,29074.61066020264,1.1270314290004535,0.5872460939999655,1,1,0,0,1.0,0.0,0.0,0.0027695060874975753,0.05479158227390144,0.007902271248167381,-4.010478755831718,0.008974087470051018,0.06410595774650574,0.05515851452946663,0.07397256046533585,1.0
168,5505024,57.91270264358117,29651.30375351356,1.1051116090002324,0.5517467330000727,3,2,1,0,0.6666666666666666,0.3333333333333333,0.0,0.0013241036096587778,0.1320969045482343,0.005041196389356628,-3.9862479686737062,0.01056157417187933,0.0647720992565155,0.05589880794286728,0.07377202063798904,1.0
169,5537792,58.72381933508858,30066.595499565352,1.0898473690003811,0.6142378309996275,7,3,0,4,0.42857142857142855,0.0,0.5714285714285714,0.0026115282358659896,0.13558768420116393,0.004442299096990609,-3.977196326851845,0.0158202384798642,0.06469650566577911,0.05586028844118118,0.07458803802728653,1.0
170,5570560,57.22377155581121,29298.57103657534,1.118416320000506,0.7021374260002631,7,1,0,6,0.14285714285714285,0.0,0.8571428571428571,0.002545264584477991,0.04721025441212987,0.004114715153264115,-3.9880500361323357,0.013719902908997028,0.06433552503585815,0.055175941437482834,0.07381197065114975,1.0
171,5603328,49.54233583608426,25365.675948075143,1.2918244349993984,0.6455615159993613,7,2,0,5,0.2857142857142857,0.0,0.7142857142857143,0.0025624009693274276,0.14453721667669014,0.0038695063289196697,-4.000585767626762,0.01416306152859761,0.06415913999080658,0.053949400782585144,0.07406241446733475,1.0
172,5636096,54.65269917997508,27982.18198014724,1.1710309089994553,0.6524629890000142,487,3,0,484,0.006160164271047228,0.0,0.9938398357289527,0.0024381456190894824,0.16004703730577602,0.009547168173594401,-4.011474005877972,0.016276932746404783,0.06407633423805237,0.05357828736305237,0.07404551655054092,1.0
173,5668864,57.037963157313364,29203.437136544442,1.1220597029996497,0.6245355419996486,1,0,0,1,0.0,0.0,1.0,0.003645866554506938,0.011181956967629959,0.005038381374470191,-4.009461189806461,0.006501652467704844,0.06415329873561859,0.053857047110795975,0.07390206307172775,1.0
174,5701632,57.259650726068074,29316.941171746854,1.1177155149998725,0.6190573309995671,7,3,0,4,0.42857142857142855,0.0,0.5714285714285714,0.00204163528396748,0.0976540118092089,0.0033008381637046114,-3.9979247197508814,0.011008803088770946,0.06453713029623032,0.05364533141255379,0.07381749898195267,1.0
175,5734400,55.89725835869236,28619.39627965049,1.144957765000072,0.5810076780007876,12,5,1,6,0.4166666666666667,0.08333333333333333,0.5,0.002839825268893037,0.2469945017975988,0.0028231074124050793,-3.9534454941749573,0.01432191905551008,0.06593683362007141,0.054819926619529724,0.07526663690805435,1.0
176,5767168,56.00461646753388,28674.363631377346,1.1427629370000432,0.5565508409999893,10,2,0,8,0.2,0.0,0.8,0.0026574384668492713,0.2567114370409399,0.00348505149668199,-3.934298376739025,0.021767383788028383,0.06549324095249176,0.054911207407712936,0.0741771012544632,1.0
177,5799936,56.17585973667373,28762.04018517695,1.1392794040002627,0.6644221209999159,11,2,0,9,0.18181818181818182,0.0,0.8181818181818182,0.0024610111489892007,0.06597984406053001,0.0009715168493130477,-3.9666419863700866,0.029708365004626102,0.06484465301036835,0.05385179817676544,0.07328343391418457,1.0
178,5832704,55.90189379756103,28621.769624351247,1.1448628239995742,0.5350062610004898,472,0,1,471,0.0,0.00211864406779661,0.9978813559322034,0.002438225787773263,0.22117891890520697,0.011157742200884968,-4.001017244160176,0.010200989148506779,0.06382085382938385,0.053199563175439835,0.072454072535038,1.0
179,5865472,57.54770964769152,29464.427339618058,1.1121207149999464,0.5240678749996732,2,0,0,2,0.0,0.0,1.0,0.0025663187487225516,0.00997200442943722,0.005202473473036662,-4.040112112462521,0.006662671770754969,0.06322431564331055,0.05283427610993385,0.07169896364212036,1.0
180,5898240,58.70375637504317,30056.323264022103,1.0902198419998967,0.5304762619998655,11,3,1,7,0.2727272727272727,0.09090909090909091,0.6363636363636364,0.0028435377098503523,0.18158424186403863,0.0037183819789788687,-4.036743488907814,0.011705599105698638,0.06384855508804321,0.053613245487213135,0.07289672642946243,1.0
181,5931008,56.44700363127922,28900.865859214962,1.133806860999357,0.6122490740008288,0,0,0,0,0.0,0.0,0.0,0.0021289500262355434,0.25197910048882477,0.012322766246506944,-4.0207320407032965,0.007656228927589837,0.06380993127822876,0.054045144468545914,0.07228393107652664,1.0
182,5963776,58.37020350317945,29885.544193627877,1.096449835000385,0.625119848000395,1,1,0,0,1.0,0.0,0.0,0.002018819047953002,0.0523749139989377,0.004127280030661496,-4.02002285271883,0.01080246130368323,0.06367160379886627,0.055104464292526245,0.07119736820459366,1.0
183,5996544,57.70426487254305,29544.58361474204,1.109103462999883,0.6192628500002684,8,3,5,0,0.375,0.625,0.0,0.0025225033445167356,0.22791860776196698,0.002906223772879457,-4.017945210635662,0.013428291563104721,0.0637916773557663,0.055064670741558075,0.07169695198535919,1.0
184,6029312,57.188982201612525,29280.758887225613,1.1190966779995506,0.5548357469997427,2,2,0,0,1.0,0.0,0.0,0.0013596916127426085,0.06720210480307287,0.00244296267410391,-4.018917512893677,0.01609547155785549,0.06377764046192169,0.05489492416381836,0.07198762148618698,1.0
185,6062080,57.979492260422035,29685.50003733608,1.1038385729998481,0.5397566110004846,0,0,0,0,0.0,0.0,0.0,0.001592964681913145,0.060687524784589185,0.0018974803719174816,-4.044748631119728,0.009129587006827932,0.06274097412824631,0.05348116159439087,0.07096661627292633,1.0
186,6094848,59.92091970326681,30679.510888072607,1.0680743940001776,0.526169235999987,501,0,0,501,0.0,0.0,1.0,0.0014413648328627459,0.021980129831354132,0.005919811945932452,-4.117584954202175,0.009760555887260125,0.06107373163104057,0.05256105586886406,0.06855861842632294,1.0
187,6127616,57.31434257695998,29344.94339940351,1.1166489420002108,0.5379686599999332,1,1,0,0,1.0,0.0,0.0,0.0020494025011430494,0.03917760586627992,0.004961139036458917,-4.123469541966915,0.008311028761818306,0.06199328228831291,0.05291207879781723,0.06875099986791611,1.0
188,6160384,58.45239041797281,29927.623894002078,1.0949081729995669,0.5258076979998805,4,0,1,3,0.0,0.25,0.75,0.0026452148464159108,0.07827750761061907,0.0022286110150162132,-4.088994225859642,0.005097978061894537,0.06254942715167999,0.05376306176185608,0.06893762946128845,1.0
189,6193152,59.332934832300154,30378.46263413768,1.078658930000529,0.5329370120007297,10,4,0,6,0.4,0.0,0.6,0.0034962581528816374,0.15263255643221782,0.001956922121462412,-4.059555284678936,0.017077581110061146,0.06310087442398071,0.05381665378808975,0.0696767121553421,1.0
190,6225920,60.43969188343372,30945.122244318063,1.0589067880000584,0.6067738209994786,2,1,0,1,0.5,0.0,0.5,0.0021180843526963145,0.1418589707755018,0.0021483986758539684,-4.07878180295229,0.010449859206710243,0.06209711357951164,0.05317679047584534,0.06874668598175049,1.0
191,6258688,59.60785288196773,30519.220675567478,1.073684035000042,0.6245292610001343,3,3,0,0,1.0,0.0,0.0,0.003596791731251869,0.11049499223472595,0.00030764320263187983,-4.075529490411282,0.05918695767613826,0.06292320042848587,0.054460324347019196,0.0696912631392479,1.0
192,6291456,55.43108495804303,28380.71549851803,1.154586818000098,0.6315499949996592,493,3,0,490,0.006085192697768763,0.0,0.9939148073022313,0.003397868579486385,0.18736242388840765,0.007655841592350043,-4.057880610227585,0.03533468138739408,0.0627477839589119,0.05385693162679672,0.06986169517040253,1.0
193,6324224,55.63435040874105,28484.787409275417,1.1503684240005896,0.6244262390000586,1,1,0,0,1.0,0.0,0.0,0.0023571575729874894,0.05975606521824375,0.004510067707451526,-4.073133918642998,0.007595031740493141,0.06255718320608139,0.05406526103615761,0.06988920271396637,1.0
194,6356992,56.25499505350792,28802.557467396055,1.1376767510000718,0.5621779459997924,11,6,0,5,0.5454545454545454,0.0,0.45454545454545453,0.0018204773936304265,0.2268420207867166,0.003730842835648218,-4.047452156245709,0.011634996924112784,0.06335370242595673,0.05493643879890442,0.07040318846702576,1.0
195,6389760,58.40604109740852,29903.89304187316,1.095777060000728,0.5540440989998388,12,2,0,10,0.16666666666666666,0.0,0.8333333333333334,0.0020928836420353036,0.07243174461982563,0.0034309670903894585,-4.0281876683235165,0.007830737365293317,0.0637027844786644,0.055178795009851456,0.0708276554942131,1.0
196,6422528,56.041803381474004,28693.40333131469,1.1420046490002278,0.5523666650005907,9,7,0,2,0.7777777777777778,0.0,0.2222222222222222,0.002733554422593443,0.4562805384397507,0.0028420893475413324,-4.004583065211773,0.05312188549069106,0.06418920308351517,0.05559883266687393,0.07167428731918335,1.0
197,6455296,59.684134364457684,30558.276794602334,1.0723117739998997,0.5512397140000758,5,2,0,3,0.4,0.0,0.6,0.0022493898548418658,0.09265420163119416,0.0007854708395825582,-4.006322206556797,0.03320920839978499,0.06382670998573303,0.055574364960193634,0.07056140154600143,1.0
198,6488064,54.12563603057449,27712.32564765414,1.1824341419996927,0.5631068650000088,475,4,1,470,0.008421052631578947,0.002105263157894737,0.9894736842105263,0.0024326388593181036,0.34921972345327956,0.008540718570293393,-4.007979594171047,0.020584413782853517,0.06394033133983612,0.05597618594765663,0.06980528682470322,1.0
199,6520832,58.30254478427277,29850.902929547658,1.097722239000177,0.6268716889999268,4,0,1,3,0.0,0.25,0.75,0.0023096190532669427,0.06908532826346345,0.004162641303264536,-3.992319242656231,0.006549941680714255,0.06442033499479294,0.055995259433984756,0.07050593942403793,1.0
200,6553600,54.925077928414545,28121.639899348247,1.1652236540003287,0.6342855400007466,18,1,3,14,0.05555555555555555,0.16666666666666666,0.7777777777777778,0.0019857555591443086,0.15642826825496742,0.0034082239370036406,-3.9843892246484756,0.008340827120991889,0.0645236074924469,0.05628696084022522,0.0697224885225296,1.0
201,6586368,57.72534332695862,29555.375783402815,1.108698473000004,0.5537423650002893,0,0,0,0,0.0,0.0,0.0,0.0007507169961172621,0.3044105453649536,0.010143445784342476,-3.9945150941610335,0.0093539879679156,0.06393023580312729,0.05583186447620392,0.06926148384809494,1.0
202,6619136,58.836789645079406,30124.436298280656,1.0877547939999204,0.5283182060002218,0,0,0,0,0.0,0.0,0.0,0.0018242060352349654,0.00772828650806332,0.003821132695884444,-4.032904070615769,0.007614296603787807,0.06300883740186691,0.05495408549904823,0.06811974197626114,1.0
203,6651904,58.39296741744155,29897.199317730072,1.0960223949996362,0.5925931880001372,5,5,0,0,1.0,0.0,0.0,0.002945016779267462,0.19506534938554979,0.0033044546624296347,-4.025129462778568,0.018846537053832435,0.06397745013237,0.05508997291326523,0.06972343474626541,1.0
204,6684672,58.831928913335645,30121.94760362785,1.0878446649994657,0.5838915040003485,7,7,0,0,1.0,0.0,0.0,0.0012541904652607627,0.49003398115746677,0.0030751673504710196,-3.9855812937021255,0.013584982654356282,0.06474392861127853,0.05607920140028,0.07149796187877655,1.0
205,6717440,57.73732846091669,29561.512171989347,1.1084683290000612,0.5477153290003116,1,1,0,0,1.0,0.0,0.0,0.00024955344779300506,0.0430014998558363,0.00045493796960727195,-4.035599654912948,0.03266413372657553,0.062305331230163574,0.054100360721349716,0.06849583238363266,1.0
206,6750208,58.392546690657866,29896.983905616828,1.0960302920002505,0.532762062999609,499,3,0,497,0.006012024048096192,0.0,0.9959919839679359,0.0027165422954567474,0.22735181230818852,0.005566945152531843,-4.075909630954266,0.026305837843756306,0.06268605589866638,0.0546085499227047,0.06945214420557022,1.0
207,6782976,58.99657172489764,30206.244723147593,1.0848087969998232,0.5409262640005181,1,1,0,0,1.0,0.0,0.0,0.00241116755787516,0.05954731699603144,0.00556913922628155,-4.059122489392758,0.007108470430102898,0.06285016983747482,0.055051252245903015,0.06909190118312836,1.0
208,6815744,56.871757902160724,29118.34004590629,1.1253388739996808,0.562774951999927,3,1,1,1,0.3333333333333333,0.3333333333333333,0.3333333333333333,0.0016332840794348158,0.09893072451814078,0.0036057385579624677,-4.042651104927063,0.00790011219214648,0.06339338421821594,0.05553743988275528,0.0700531080365181,1.0
209,6848512,58.44039850993215,29921.48403708526,1.095132847000059,0.628303034000055,11,6,0,5,0.5454545454545454,0.0,0.45454545454545453,0.0028049050495610574,0.2798877540481044,0.003518247864121804,-4.009279234707355,0.013953235044755274,0.06413418054580688,0.05664478987455368,0.07044897228479385,1.0
210,6881280,59.40368093833202,30414.684640425996,1.077374313999826,0.6144679660001202,6,1,0,5,0.16666666666666666,0.0,0.8333333333333334,0.002681558657786809,0.18448032386950217,0.0024654100143379765,-4.005654965341091,0.014251237001735717,0.06368856877088547,0.05529522895812988,0.07033109664916992,1.0
211,6914048,56.617351317089664,28988.083874349908,1.130395514999691,0.6282173069994315,3,2,0,1,0.6666666666666666,0.0,0.3333333333333333,0.002954218858212698,0.08822322168180108,0.0005318441020790487,-4.02150530219078,0.02606984539597761,0.06361013650894165,0.05544101819396019,0.06914905458688736,1.0
212,6946816,56.38175827761534,28867.460238139054,1.1351189100005286,0.6203491390006093,488,1,0,487,0.0020491803278688526,0.0,0.9979508196721312,0.001978716628946131,0.12481335304328241,0.007089566286595073,-4.052020546793938,0.015843528699406306,0.06234496831893921,0.055145733058452606,0.06692066043615341,1.0
213,6979584,56.20735487605428,28778.165696539792,1.138641022000229,0.6081098899994686,1,0,0,1,0.0,0.0,1.0,0.0021468581122462637,0.012183540714613628,0.004247632714395877,-4.082964113354683,0.007156159873920842,0.06232200562953949,0.0554865226149559,0.06598810106515884,1.0
214,7012352,54.86477061211061,28090.762553400633,1.1665044670007774,0.6462674280001011,5,0,1,4,0.0,0.2,0.8,0.0015148512051382569,0.056944646380725314,0.0032427245743747333,-4.076976718008519,0.006152180669596418,0.06239970773458481,0.055522143840789795,0.06641442328691483,1.0
215,7045120,58.42740081719336,29914.829218403,1.0953764690002572,0.6484661759996015,16,3,1,12,0.1875,0.0625,0.75,0.0034114151720132215,0.14840867678140057,0.0030167663095198804,-4.063155621290207,0.015292619858155377,0.06287974119186401,0.05575980246067047,0.06691228598356247,1.0
216,7077888,58.53957738078084,29972.26361895979,1.093277451999711,0.6420392130003165,9,4,0,5,0.4444444444444444,0.0,0.5555555555555556,0.002229392612207448,0.2642976926872507,0.002503522898769006,-4.0552237093448635,0.013950631660918589,0.06287955492734909,0.055366940796375275,0.06711392104625702,1.0
217,7110656,57.08925196640291,29229.69700679829,1.1210516479995931,0.6028851149994807,3,1,0,2,0.3333333333333333,0.0,0.6666666666666666,0.0018201487357146107,0.04897713019636285,0.0005088253905341844,-4.083660383522511,0.03353286524798023,0.06165103241801262,0.05442536994814873,0.06624182313680649,1.0
218,7143424,55.86668083530267,28603.740587674965,1.145584434999364,0.6138693599996259,478,1,0,477,0.0020920502092050207,0.0,0.997907949790795,0.0022898590075783433,0.06786426224571188,0.007211510914203245,-4.118305648863315,0.010097415588461445,0.06144501268863678,0.05434299260377884,0.06568107008934021,1.0
219,7176192,58.05374655045161,29723.518233831226,1.1024266959993838,0.6313680599996587,2,0,0,2,0.0,0.0,1.0,0.002318212999671232,0.016028576760436408,0.003992827559704893,-4.112748631834984,0.0061718985980405705,0.06172261759638786,0.05491345748305321,0.06547243893146515,1.0
220,7208960,55.75438352771044,28546.244366187744,1.1478918059992793,0.5873633540004448,7,1,0,6,0.14285714285714285,0.0,0.8571428571428571,0.002042631655058358,0.05863101693394128,0.0031277166890504304,-4.098058259487152,0.007769954127070378,0.061997830867767334,0.05542184039950371,0.06540077179670334,1.0
221,7241728,58.6375574879026,30022.42943380613,1.09145064599943,0.609709813000336,0,0,0,0,0.0,0.0,0.0,0.001914191599280457,0.15468366841087117,0.01045364628371317,-4.094583249092102,0.006759846659406321,0.062011539936065674,0.05550640821456909,0.0653504878282547,1.0
222,7274496,56.10089349483525,28723.657469355647,1.1408017949997884,0.6572617889996764,1,1,0,0,1.0,0.0,0.0,0.0017295435616688337,0.057201722818717826,0.003852682714932598,-4.0883336320519446,0.01013506201124983,0.06208218261599541,0.05580165609717369,0.0656362995505333,1.0
223,7307264,57.764482399619666,29575.41498860527,1.107947260000401,0.6097304799995982,7,7,0,0,1.0,0.0,0.0,0.002853743472951464,0.2577075013803551,0.003446834030910395,-4.053251241147518,0.01781500600336585,0.06346648186445236,0.057091813534498215,0.06693565845489502,1.0
224,7340032,57.419414574582554,29398.740262186268,1.1146055819999674,0.6110300850004933,7,6,1,0,0.8571428571428571,0.14285714285714285,0.0,0.002390533429570496,0.5890256391838193,0.003561212866770802,-4.002656437456608,0.022489007888361813,0.06431461870670319,0.057714615017175674,0.06785070896148682,1.0
225,7372800,56.36136286473139,28857.01778674247,1.1355296740002814,0.556945481999719,5,5,0,0,1.0,0.0,0.0,0.002398712216381682,0.2436614358339284,0.0014111300299191499,-3.9334207653999327,0.03602823418332264,0.0663030743598938,0.059557802975177765,0.07067836076021194,1.0
226,7405568,56.66772503384023,29013.875217326196,1.1293906709997827,0.633570619999773,492,3,0,489,0.006097560975609756,0.0,0.9939024390243902,0.002201831688216771,0.18901733073289506,0.004515247440576786,-3.889285957813263,0.025636085000587627,0.06633969396352768,0.05973845720291138,0.07084173709154129,1.0
227,7438336,56.85342771306305,29108.95498908828,1.125701695999851,0.6387718070000119,0,0,0,0,0.0,0.0,0.0,0.001899491906078765,0.013007029402069747,0.005348897672956809,-3.8981254547834396,0.005519080197700532,0.06604263186454773,0.060105834156274796,0.07019475102424622,1.0
228,7471104,56.48960494576181,28922.677732230048,1.1329518069996993,0.6255991230000291,5,2,0,3,0.4,0.0,0.6,0.0017731075633491856,0.10263628461689223,0.00368528654507827,-3.9104049786925317,0.010254374644864584,0.065690778195858,0.06003408133983612,0.06880511343479156,1.0
229,7503872,56.878701736469964,29121.89528907262,1.1252014909996433,0.625394392999624,11,2,2,7,0.18181818181818182,0.18181818181818182,0.6363636363636364,0.001963078902917914,0.16823860782315023,0.0033795986462791918,-3.91950111836195,0.009295468363416149,0.065639927983284,0.060144953429698944,0.06860078871250153,1.0
230,7536640,56.77136111988963,29066.936893383492,1.127328968999791,0.5838093110005502,6,1,0,5,0.16666666666666666,0.0,0.8333333333333334,0.0018914107495220378,0.23944430574774742,0.0034791918864357286,-3.9350097626447678,0.007279026989635895,0.06514079868793488,0.05932282283902168,0.0683969259262085,1.0
231,7569408,56.42568089456158,28889.94861801553,1.1342353160007406,0.5915744919993813,11,4,0,7,0.36363636363636365,0.0,0.6363636363636364,0.0033079423032177147,0.17479962222496398,0.0006484948348770558,-3.9089023888111116,0.04063308404911368,0.06661507487297058,0.060305673629045486,0.06998251378536224,1.0
232,7602176,54.9091887042424,28113.50461657211,1.165560837999692,0.5794656080006462,479,4,0,475,0.008350730688935281,0.0,0.9916492693110647,0.0018839104570361088,0.25220906813628974,0.0074055051023606214,-3.8751617416739466,0.032983682587655494,0.06667964160442352,0.0600397065281868,0.07066258043050766,1.0
233,7634944,55.352466060246044,28340.462622845975,1.1562267150002299,0.5691885599999296,0,0,0,0,0.0,0.0,0.0,0.0017123963116318919,0.011166830536967608,0.005054254828428384,-3.879388304054737,0.005182898994826246,0.06647968292236328,0.05917386710643768,0.07085001468658447,1.0
234,7667712,54.66097456772237,27986.418978673853,1.1708536209998783,0.6139875230001053,7,1,1,5,0.14285714285714285,0.14285714285714285,0.7142857142857143,0.0021340155606594637,0.09615744449693012,0.003984974850027356,-3.880786748230457,0.009257186633476522,0.06664957106113434,0.05905551835894585,0.07133682072162628,1.0
235,7700480,56.601565656595916,28980.00161617711,1.1307107720003842,0.6194279089995689,12,1,0,11,0.08333333333333333,0.0,0.9166666666666666,0.0008501303294906392,0.06242092221873463,0.0036335175267595333,-3.8996312871575354,0.01125848716510518,0.06586892902851105,0.058484483510255814,0.07080323994159698,1.0
236,7733248,56.4903256394032,28923.04672737444,1.132937352999761,0.6360748240003886,6,0,0,6,0.0,0.0,1.0,0.000840625893761171,0.0995281272509601,0.002606531835408532,-3.9626576766371726,0.007922605700878193,0.06406253576278687,0.0565657876431942,0.0686689093708992,1.0
237,7766016,55.97816323341216,28660.819575507026,1.143302964999748,0.6182993800002805,12,0,0,12,0.0,0.0,1.0,-0.000560579704324482,0.001872512483441824,0.0006918003590726584,-4.092983154952526,0.015906294484375395,0.060713183134794235,0.05376243218779564,0.06482958793640137,1.0
238,7798784,57.17433421730888,29273.259119262148,1.119383389000177,0.6366083980001349,475,4,0,472,0.008421052631578947,0.0,0.9936842105263158,0.002711002687647124,0.25580730589863376,0.008480963471811265,-4.138691776990891,0.02629018949410238,0.06155892834067345,0.05459378659725189,0.06566280126571655,1.0
239,7831552,57.302933860716394,29339.102136686794,1.1168712609996874,0.6384558749996359,2,2,0,0,1.0,0.0,0.0,0.002622254778907518,0.10034122222714359,0.004299046385131078,-4.104605834186077,0.010225084328340017,0.06195216625928879,0.05500008165836334,0.06665032356977463,1.0
240,7864320,54.50028220332686,27904.144488103353,1.1743058459996973,0.6259330270004284,14,3,2,9,0.21428571428571427,0.14285714285714285,0.6428571428571429,0.0034119412368454503,0.22132391628838377,0.003299656313902233,-4.0846793293952945,0.012433444795533433,0.062358468770980835,0.055491577833890915,0.06727700680494308,1.0
241,7897088,59.080018088193334,30248.969261154987,1.0832765810000637,0.5972585059998892,0,0,0,0,0.0,0.0,0.0,0.0014909311350493227,0.13691928745247423,0.011978093610377983,-4.076055324077606,0.006183071127088624,0.06235568970441818,0.05569257587194443,0.06706541776657104,1.0
242,7929856,58.505012796809346,29954.566551966385,1.0939233569997668,0.609816875999968,3,2,1,0,0.6666666666666666,0.3333333333333333,0.0,0.00237840829504421,0.12559609627351165,0.005264344334864291,-4.0628091365098955,0.011565804487327113,0.06290838122367859,0.05634305626153946,0.0678315982222557,1.0
243,7962624,59.66878191070057,30550.41633827869,1.0725876739998057,0.5702159759994174,3,2,1,0,0.6666666666666666,0.3333333333333333,0.0,0.002330963253916707,0.10352626024614438,0.00418247464695014,-4.06485744714737,0.011374959889872116,0.06241748481988907,0.05585402995347977,0.06737726926803589,1.0
244,7995392,59.69792491802878,30565.337558030737,1.0720640640001875,0.5752705559998503,2,2,0,0,1.0,0.0,0.0,0.0017449638835387304,0.25090761994360944,0.002655109310580883,-4.065555356442928,0.013939241740808938,0.06275243312120438,0.0564718097448349,0.0669134333729744,1.0
245,8028160,60.42917765058809,30939.7389571011,1.0590910299997631,0.5533700980004141,7,7,0,0,1.0,0.0,0.0,0.0016295419336529449,0.2548911541747657,0.0005361704030747205,-3.997951406240463,0.029034470554324798,0.06497061252593994,0.0585949532687664,0.06817065179347992,1.0
246,8060928,59.304571576111776,30363.94064696923,1.0791748139999982,0.6089605829993161,497,2,0,495,0.004024144869215292,0.0,0.9959758551307847,0.002025674353353679,0.1614763019635575,0.005746924024424516,-3.9592369332909585,0.024049889149682712,0.0646446943283081,0.05871135741472244,0.06826843321323395,1.0
247,8093696,58.66889298493628,30038.473208287374,1.0908676939998259,0.6262167699997008,0,0,0,0,0.0,0.0,0.0,0.0019194992964912672,0.01183330576022854,0.00629790271341335,-3.964698702096939,0.004943249194184318,0.06494175642728806,0.058590665459632874,0.06888365000486374,1.0
248,8126464,58.26984527168123,29834.16077910079,1.0983382519998486,0.5512744479992762,4,0,0,4,0.0,0.0,1.0,0.0022164883572258986,0.022099961663479918,0.004085144800046692,-3.9555154159665107,0.0051552293494751215,0.06486113369464874,0.05848801136016846,0.06823932379484177,1.0
249,8159232,56.78915592465745,29076.047833424615,1.1269757220006795,0.548672169999918,7,3,2,2,0.42857142857142855,0.2857142857142857,0.2857142857142857,0.001579720908193849,0.11474044267306453,0.00309827359742485,-3.955574259161949,0.010947787287659595,0.06491208076477051,0.058396510779857635,0.06860668957233429,1.0
250,8192000,57.790799172574324,29588.889176358054,1.1074427229996218,0.5552341100001286,6,2,0,4,0.3333333333333333,0.0,0.6666666666666666,0.002481128874933347,0.17286449333478232,0.0019458989259874214,-3.9622064620256423,0.02190224485057115,0.06456848233938217,0.05902887135744095,0.0676826611161232,1.0
