update,stage,step,spr_loss,eff_rank,z_std,pred_cos,identity_gap,target_sim
1,1,8192,0.003648601621449643,14.88656997680664,0.48473548889160156,0.909005880355835,0.3278844952583313,0.8732407093048096
2,1,16384,0.0009732628328151804,14.624480247497559,0.3941720128059387,0.9526749849319458,0.47893527150154114,0.8715486526489258
3,1,24576,0.0008861670650048836,14.346349716186523,0.5508773326873779,0.9393751621246338,0.5930976271629333,0.8057922124862671
4,1,32768,0.0007802724374812442,14.699974060058594,0.732617974281311,0.962023138999939,0.6165589690208435,0.8199236392974854
5,1,40960,0.0007524164049073079,14.112502098083496,0.7440900802612305,0.9695405960083008,0.6556628942489624,0.8546903133392334
6,1,49152,0.0011593547187089825,16.226741790771484,0.6675052642822266,0.9528005123138428,0.46296998858451843,0.8287217020988464
7,1,57344,0.0007996542348536195,22.35640525817871,0.9959893226623535,0.9476449489593506,0.41455739736557007,0.8746533989906311
8,1,65536,0.0004390133021274778,15.325479507446289,0.7363393902778625,0.9699530005455017,0.4598161578178406,0.9214932918548584
9,1,73728,0.0005217084127906446,15.389644622802734,0.6418818831443787,0.9851382374763489,0.48006755113601685,0.9237320423126221
10,1,81920,0.0005402335062711927,17.493669509887695,0.6388411521911621,0.9734250903129578,0.4245285391807556,0.8932836055755615
11,1,90112,0.00041283790542934184,17.048686981201172,0.6598609685897827,0.9806939959526062,0.48914051055908203,0.9399998188018799
12,1,98304,0.00039664485744594913,15.736331939697266,0.8069473505020142,0.9834860563278198,0.502112090587616,0.9449560046195984
13,1,106496,0.0003180553410189191,17.26145362854004,1.0511114597320557,0.9827998876571655,0.4887844920158386,0.9391484260559082
14,1,114688,0.0002875639519359652,16.41104507446289,0.7514009475708008,0.9860682487487793,0.5950113236904144,0.9399861097335815
15,1,122880,0.0002891831055791272,18.045394897460938,0.6281310319900513,0.9859950542449951,0.6375361382961273,0.9193902611732483
16,1,131072,0.00028040823313801866,20.511037826538086,0.588310718536377,0.9843748807907104,0.5463545918464661,0.9211492538452148
17,1,139264,0.00017053112990339514,20.36035919189453,0.598493754863739,0.9913691282272339,0.5228235721588135,0.9466222524642944
18,1,147456,0.00021739136140297433,18.533483505249023,0.5133190155029297,0.9920310378074646,0.5994628369808197,0.9442328214645386
19,1,155648,0.00017824602432625625,18.00725555419922,0.5762086510658264,0.9907209873199463,0.5641592741012573,0.9347248673439026
20,1,163840,0.0002157453329090231,18.229572296142578,0.522156834602356,0.9854564666748047,0.772765040397644,0.9093919992446899
21,1,172032,0.00021610173808284117,16.660303115844727,0.5146710276603699,0.9912831783294678,0.7782793641090393,0.9080883264541626
22,1,180224,0.00018595025704470913,18.328754425048828,0.44929784536361694,0.9853858947753906,0.821415588259697,0.8776048421859741
23,1,188416,0.00018251032843608073,17.746034622192383,0.4955875277519226,0.9910643100738525,0.739714503288269,0.910736620426178
24,1,196608,0.0002335346514925618,18.28011131286621,0.4916985332965851,0.9860503673553467,0.6907723546028137,0.8872435688972473
25,1,204800,0.00020966419899082211,20.26171875,0.5784974098205566,0.9882668256759644,0.7206146121025085,0.9267705678939819
26,1,212992,0.0003369057007915899,18.134584426879883,0.5351563692092896,0.9849823713302612,0.734185665845871,0.8902888298034668
27,1,221184,0.0002765318993880328,19.042192459106445,0.5211477279663086,0.9799327850341797,0.6956318020820618,0.8921783566474915
28,1,229376,0.00019501501041929714,19.101877212524414,0.46210336685180664,0.988936185836792,0.7832015603780746,0.8974428176879883
29,1,237568,0.00017495099966424732,19.767440795898438,0.4548485577106476,0.9899100661277771,0.8286823928356171,0.9085156917572021
30,1,245760,0.0002384146304876822,20.509023666381836,0.46204811334609985,0.9889265894889832,0.8824488073587418,0.9000019431114197
31,1,253952,0.00018554666845460588,20.440088272094727,0.42060044407844543,0.9880983829498291,0.9129009544849396,0.8824214935302734
32,1,262144,0.00018723020467348306,18.378889083862305,0.41612160205841064,0.9918295741081238,0.9031399339437485,0.879448413848877
33,1,270336,0.00018457070984112534,20.53468132019043,0.4512397050857544,0.9900218844413757,0.974266279488802,0.9168358445167542
34,1,278528,0.0001951220067510917,20.00577163696289,0.44008007645606995,0.99043208360672,0.9127492904663086,0.9118797183036804
35,1,286720,0.0001898129775170787,21.63034439086914,0.4072466194629669,0.9898236989974976,1.0244442373514175,0.863684356212616
36,1,294912,0.0001509086389361869,19.53748321533203,0.474735289812088,0.9916346669197083,1.0207420513033867,0.9214557409286499
37,1,303104,0.00016740798751868624,19.380367279052734,0.4265959858894348,0.9924997091293335,1.0854637995362282,0.9064561128616333
38,1,311296,0.0001709630088377878,20.110273361206055,0.3819320797920227,0.9899486303329468,1.0604213550686836,0.8798138499259949
39,1,319488,0.000157316611364422,19.86284065246582,0.42454853653907776,0.9900937676429749,1.05557082593441,0.8836945295333862
40,1,327680,0.00019737741369141304,20.060461044311523,0.4333209693431854,0.9877253770828247,0.9514124095439911,0.8824962973594666
41,1,335872,0.00015423162160743686,18.92612075805664,0.43293988704681396,0.9917064309120178,1.0433115437626839,0.8976128101348877
42,1,344064,0.00018611404239265994,22.167896270751953,0.5283628702163696,0.9891024827957153,1.0936432257294655,0.9204717874526978
43,1,352256,0.00020787555499168775,20.997304916381836,0.4399459958076477,0.9869889616966248,1.0604562908411026,0.881140947341919
44,1,360448,0.00021188361004931267,19.87386703491211,0.4472058415412903,0.9913487434387207,1.0058584650978446,0.8524971008300781
45,1,368640,0.0001647860013065383,19.944734573364258,0.44542568922042847,0.9877842664718628,0.9473702609539032,0.8533748388290405
46,1,376832,0.00020876816852677393,20.882844924926758,0.46379634737968445,0.9882612228393555,1.0326533056795597,0.904961347579956
47,1,385024,0.00019393587233906828,21.79754066467285,0.4248570501804352,0.9874273538589478,1.1197164952754974,0.9143736362457275
48,1,393216,0.00017967054436596186,20.049083709716797,0.46190640330314636,0.9907472729682922,1.2179545015096664,0.9118810892105103
49,1,401408,0.00021054580498258701,18.88911247253418,0.4754915237426758,0.9920828938484192,1.183213859796524,0.8989281058311462
50,1,409600,0.00013435907587933116,20.144332885742188,0.40048742294311523,0.9910650253295898,1.2462924718856812,0.9027542471885681
51,1,417792,0.00013451111738049804,19.581710815429688,0.4447033405303955,0.9914188981056213,1.128951981663704,0.9196584224700928
52,1,425984,0.00015472509938163626,20.20891761779785,0.42305833101272583,0.9906056523323059,1.193410873413086,0.9024174213409424
53,1,434176,0.00015372039719352415,19.3741455078125,0.3995804488658905,0.9919513463973999,1.061081849038601,0.8787063360214233
54,1,442368,0.00016387987743016197,20.26944923400879,0.4388647675514221,0.9893973469734192,1.17937171459198,0.8981050252914429
55,1,450560,0.00016329798532410678,18.599496841430664,0.4765165448188782,0.9928526878356934,1.1669570803642273,0.9141923189163208
56,1,458752,0.00016254364097889606,20.235454559326172,0.46430033445358276,0.9914717674255371,1.1151679009199142,0.9051002860069275
57,1,466944,0.00016373512227474407,20.08022689819336,0.44011804461479187,0.9908440113067627,1.119129702448845,0.9315979480743408
58,1,475136,0.00014060270301641253,18.624370574951172,0.4362505078315735,0.9932089447975159,1.115384191274643,0.9098749160766602
59,1,483328,0.00015651415489870146,17.635358810424805,0.4746987223625183,0.993118405342102,1.081196814775467,0.9212278127670288
60,1,491520,0.00011621052750498961,17.07425308227539,0.5427349805831909,0.9955950975418091,1.186865508556366,0.9522058367729187
61,1,499712,0.00012688536422800212,19.04150390625,0.584745466709137,0.990342378616333,1.1734325587749481,0.941821813583374
62,1,507904,0.00010028414551399578,18.697378158569336,0.5483498573303223,0.9943110942840576,1.153617948293686,0.9552774429321289
63,1,516096,0.00010924115929000777,19.727304458618164,0.5220323801040649,0.9935747385025024,1.1042957156896591,0.9424045085906982
64,1,524288,0.00017175694615900738,19.372371673583984,0.4948344826698303,0.9911700487136841,1.0558039546012878,0.9243765473365784
65,1,532480,0.000142334096040031,20.369565963745117,0.4813268780708313,0.9904333353042603,1.0259867906570435,0.9047253131866455
66,1,540672,0.00011732092383454074,20.18097686767578,0.5396198034286499,0.9938331246376038,1.014314578846097,0.9444950819015503
67,1,548864,0.00011493425425967985,19.12859344482422,0.5213459730148315,0.9953628778457642,1.1578673720359802,0.9519991874694824
68,1,557056,0.00015068446682064973,19.937931060791016,0.49973052740097046,0.9919760227203369,1.2012563645839691,0.9405194520950317
69,1,565248,0.00015088570563648318,20.039875030517578,0.46957942843437195,0.9887814521789551,1.1644605547189713,0.9155573844909668
70,1,573440,0.00013683288648280723,19.193239212036133,0.4297763705253601,0.9938713312149048,1.0858299359679222,0.8978638648986816
71,1,581632,0.00012664844227217031,19.258655548095703,0.4864867925643921,0.9926110506057739,1.0128121376037598,0.9196622371673584
72,1,589824,0.0001300648973519003,19.065561294555664,0.48981159925460815,0.9909061193466187,1.0912976935505867,0.9293513894081116
73,1,598016,0.00011088859742258705,18.40794563293457,0.47570735216140747,0.9950820207595825,1.1243528127670288,0.9262430667877197
74,1,606208,0.00010301637269805042,19.590042114257812,0.4836105704307556,0.9937334060668945,1.150332510471344,0.9258379340171814
75,1,614400,9.913495180668974e-05,19.178821563720703,0.46862518787384033,0.995693564414978,1.1762495338916779,0.9514017105102539
76,1,622592,0.00010596164646514694,19.817354202270508,0.44024884700775146,0.9937867522239685,1.0759939402341843,0.9181037545204163
77,1,630784,0.0001061207132622144,20.503334045410156,0.4804878830909729,0.9948652982711792,1.064228743314743,0.9429510235786438
78,1,638976,0.00010351957454091121,20.601747512817383,0.47454988956451416,0.9943584203720093,1.1197254657745361,0.9470850229263306
79,1,647168,0.00012203650923581222,20.19791603088379,0.4548361003398895,0.9924397468566895,1.097890131175518,0.9332629442214966
80,1,655360,0.00010701284780267883,19.675025939941406,0.5139521360397339,0.9934219121932983,1.008466700091958,0.934901773929596
81,1,663552,0.00014542027592057138,18.831045150756836,0.49193039536476135,0.989177942276001,1.017041077837348,0.9328004121780396
82,1,671744,0.00014198188770109255,20.563430786132812,0.46984750032424927,0.9931824803352356,0.9393071234226227,0.9203699231147766
83,1,679936,9.592485760023806e-05,20.131345748901367,0.5169663429260254,0.9942866563796997,0.9378758147358894,0.9183862805366516
84,1,688128,7.60807113344697e-05,17.18488883972168,0.5321871042251587,0.9961057901382446,0.9771179873496294,0.9425526857376099
85,1,696320,0.0001124400665162284,20.05559539794922,0.4500386714935303,0.9929382801055908,0.9922430561855435,0.9419705867767334
86,1,704512,0.00012291033171507593,18.66763687133789,0.45175421237945557,0.9939781427383423,0.95106066390872,0.9208126664161682
87,1,712704,0.00011719862791181868,17.264558792114258,0.46742069721221924,0.9955989718437195,0.9940175823867321,0.9403262138366699
88,1,720896,8.225439772502341e-05,18.659143447875977,0.505878210067749,0.9939290285110474,1.0434722676873207,0.9407367706298828
89,1,729088,9.901380241217339e-05,19.73323631286621,0.5273177623748779,0.9938356876373291,0.9210314229130745,0.9550027847290039
90,1,737280,0.0001577234088898649,17.678661346435547,0.46369659900665283,0.9937276840209961,0.8789121508598328,0.9025735855102539
91,1,745472,8.78740683170065e-05,19.00102424621582,0.5099008083343506,0.9928482174873352,0.8963168188929558,0.9142007827758789
92,1,753664,9.531941721263593e-05,16.140283584594727,0.476663738489151,0.995955228805542,0.9130593165755272,0.9433449506759644
93,1,761856,0.00013325472336589428,16.8061466217041,0.3988941013813019,0.9950989484786987,0.9477492980659008,0.9037435054779053
94,1,770048,7.498127584071312e-05,18.3916015625,0.46061018109321594,0.99494469165802,0.8551565408706665,0.9080123901367188
95,1,778240,9.622407461407079e-05,16.59279441833496,0.4518691301345825,0.995765209197998,0.8810560926795006,0.9149636030197144
96,1,786432,9.25270722227367e-05,18.77521324157715,0.429267942905426,0.9949214458465576,0.9816509922966361,0.9113781452178955
97,1,794624,9.042390226809971e-05,19.05301856994629,0.46871763467788696,0.9958564639091492,0.9504879415035248,0.9435222744941711
98,1,802816,8.110812571615611e-05,18.846586227416992,0.44944578409194946,0.9953175783157349,0.9083234965801239,0.9176301956176758
99,1,811008,8.876785399181131e-05,18.9763126373291,0.47008708119392395,0.9962059259414673,0.9605844244360924,0.9350513815879822
100,1,819200,0.00014598314848512928,17.964065551757812,0.49512779712677,0.9949925541877747,0.8736885190010071,0.9234300851821899
