arm,task,seed,ckpt,v1_success_pct,return,zone_dwell,tail_xe_px,tail_de_m,tail_amag
A_donor,red,1,last,100.0,189.0,0.536,1.03,0.128,0.070
A_donor,red,1,000200,48.4,125.6,0.319,12.35,1.349,0.424
A_donor,red,1,000210,35.9,95.5,0.196,4.07,4.023,0.638
A_donor,red,1,000220,39.1,103.3,0.239,1.71,4.431,0.569
A_donor,red,1,000230,62.5,112.6,0.322,10.56,1.226,0.150
A_donor,red,1,000240,100.0,198.3,0.517,0.72,0.098,0.071
A_donor,blue,1,last,15.6,63.2,0.081,19.30,3.127,0.089
A_donor,blue,1,000200,3.1,50.4,0.014,22.67,3.526,0.096
A_donor,blue,1,000210,6.2,50.7,0.033,23.89,3.575,0.096
A_donor,blue,1,000220,7.8,53.5,0.034,19.06,3.252,0.084
A_donor,blue,1,000230,4.7,53.4,0.029,20.74,3.195,0.080
A_donor,blue,1,000240,10.9,61.0,0.059,18.94,3.095,0.081
A_donor,red,2,last,71.9,206.8,0.516,5.77,0.425,0.057
A_donor,red,2,000200,93.8,251.7,0.714,3.04,0.498,0.079
A_donor,red,2,000210,93.8,255.9,0.725,3.00,0.506,0.074
A_donor,red,2,000220,67.2,191.6,0.447,5.03,0.430,0.062
A_donor,red,2,000230,95.3,243.2,0.724,2.74,0.411,0.061
A_donor,red,2,000240,53.1,141.0,0.399,16.11,1.548,0.072
A_donor,blue,2,last,0.0,39.3,0.003,27.63,3.999,0.090
A_donor,blue,2,000200,0.0,41.4,0.003,25.40,3.630,0.073
A_donor,blue,2,000210,0.0,44.3,0.007,24.61,3.510,0.091
A_donor,blue,2,000220,0.0,36.4,0.000,26.23,4.173,0.085
A_donor,blue,2,000230,0.0,38.2,0.002,27.62,4.011,0.089
A_donor,blue,2,000240,0.0,36.3,0.005,28.98,4.129,0.093
A_donor,red,3,last,73.4,208.8,0.568,10.71,1.212,0.119
A_donor,red,3,000200,92.2,243.1,0.693,3.79,0.406,0.085
A_donor,red,3,000210,67.2,167.9,0.529,14.13,2.188,0.100
A_donor,red,3,000220,90.6,238.6,0.679,3.83,0.630,0.071
A_donor,red,3,000230,71.9,193.9,0.551,11.47,1.773,0.093
A_donor,red,3,000240,53.1,160.1,0.429,14.76,1.716,0.075
A_donor,blue,3,last,6.2,49.9,0.027,24.85,3.455,0.106
A_donor,blue,3,000200,7.8,51.5,0.049,27.05,3.787,0.129
A_donor,blue,3,000210,14.1,59.3,0.064,22.01,3.495,0.127
A_donor,blue,3,000220,7.8,45.2,0.036,26.65,4.075,0.126
A_donor,blue,3,000230,15.6,62.4,0.075,21.11,3.161,0.123
A_donor,blue,3,000240,9.4,54.4,0.041,23.10,3.158,0.107
R_donor,red,1,last,92.2,202.6,0.498,4.15,0.530,0.048
R_donor,red,1,000210,95.3,219.3,0.602,3.06,0.379,0.039
R_donor,red,1,000220,98.4,235.2,0.618,1.69,0.175,0.034
R_donor,red,1,000230,90.6,216.6,0.528,3.94,0.528,0.042
R_donor,red,1,000240,92.2,192.7,0.517,4.85,0.446,0.047
R_donor,blue,1,last,78.1,179.5,0.494,5.99,1.031,0.078
R_donor,blue,1,000200,70.3,170.8,0.476,5.71,1.053,0.058
R_donor,blue,1,000210,71.9,162.9,0.479,8.18,1.182,0.069
R_donor,blue,1,000220,84.4,205.3,0.562,3.15,0.626,0.080
R_donor,blue,1,000230,82.8,189.2,0.582,5.36,0.847,0.083
R_donor,blue,1,000240,67.2,153.2,0.423,9.09,1.476,0.072
R_donor,red,2,last,81.2,198.6,0.510,4.51,0.570,0.114
R_donor,red,2,000200,95.3,242.4,0.674,2.49,0.390,0.037
R_donor,red,2,000210,98.4,222.8,0.672,1.84,0.219,0.056
R_donor,red,2,000220,81.2,207.2,0.569,4.55,0.558,0.098
R_donor,red,2,000230,79.7,185.5,0.542,5.17,0.550,0.145
R_donor,red,2,000240,81.2,183.3,0.516,5.13,0.522,0.129
R_donor,blue,2,last,73.4,168.5,0.469,5.58,0.654,0.066
R_donor,blue,2,000200,81.2,176.9,0.541,5.59,0.799,0.074
R_donor,blue,2,000210,81.2,177.1,0.512,5.08,0.826,0.083
R_donor,blue,2,000220,81.2,185.4,0.531,5.21,0.795,0.076
R_donor,blue,2,000230,82.8,180.2,0.530,4.77,0.790,0.082
R_donor,blue,2,000240,75.0,165.3,0.472,6.48,0.780,0.086
R_donor,red,3,last,95.3,238.0,0.622,2.93,0.369,0.036
R_donor,red,3,000200,92.2,223.4,0.610,2.42,0.435,0.080
R_donor,red,3,000210,93.8,208.6,0.650,4.57,0.448,0.056
R_donor,red,3,000220,95.3,235.6,0.636,2.47,0.295,0.046
R_donor,red,3,000230,96.9,206.8,0.670,4.20,0.223,0.043
R_donor,red,3,000240,93.8,207.6,0.594,4.24,0.373,0.043
R_donor,blue,3,last,71.9,150.0,0.428,9.43,1.085,0.090
R_donor,blue,3,000200,82.8,185.0,0.515,4.97,0.681,0.074
R_donor,blue,3,000210,65.6,150.2,0.413,8.69,1.341,0.077
R_donor,blue,3,000220,78.1,181.8,0.478,5.66,0.742,0.084
R_donor,blue,3,000230,81.2,188.2,0.522,5.27,0.750,0.074
R_donor,blue,3,000240,54.7,146.1,0.352,9.44,1.099,0.096
V_donor,red,1,last,62.5,143.0,0.432,6.83,2.569,0.102
V_donor,red,1,000200,0.0,128.4,0.000,7.30,1.913,0.102
V_donor,red,1,000210,68.8,163.5,0.472,2.62,2.214,0.102
V_donor,red,1,000220,67.2,145.9,0.443,6.47,2.229,0.123
V_donor,red,1,000230,62.5,143.7,0.420,4.55,2.597,0.106
V_donor,red,1,000240,57.8,137.2,0.407,6.63,2.847,0.097
V_donor,blue,1,last,78.1,186.3,0.521,6.24,0.864,0.098
V_donor,blue,1,000200,76.6,176.3,0.497,7.30,1.044,0.131
V_donor,blue,1,000210,81.2,187.8,0.488,5.30,0.696,0.091
V_donor,blue,1,000220,70.3,190.3,0.478,6.81,0.970,0.085
V_donor,blue,1,000230,73.4,183.0,0.505,7.73,1.031,0.075
V_donor,blue,1,000240,65.6,163.5,0.430,9.44,1.372,0.147
V_donor,red,2,last,92.2,178.8,0.525,5.40,0.347,0.131
V_donor,red,2,000200,96.9,170.4,0.594,2.72,0.249,0.059
V_donor,red,2,000210,96.9,152.0,0.561,3.38,0.320,0.112
V_donor,red,2,000220,98.4,196.5,0.622,1.06,0.226,0.071
V_donor,red,2,000230,100.0,230.1,0.669,0.52,0.137,0.056
V_donor,red,2,000240,84.4,184.8,0.470,3.53,0.163,0.074
V_donor,blue,2,last,71.9,151.7,0.382,5.73,0.951,0.119
V_donor,blue,2,000200,65.6,149.0,0.359,8.06,1.383,0.094
V_donor,blue,2,000210,68.8,137.8,0.379,9.59,1.396,0.140
V_donor,blue,2,000220,68.8,163.1,0.407,7.82,1.203,0.121
V_donor,blue,2,000230,65.6,143.6,0.356,8.40,1.383,0.118
V_donor,blue,2,000240,62.5,145.3,0.356,8.87,1.568,0.112
V_donor,red,3,last,64.1,142.9,0.406,6.40,1.534,0.120
V_donor,red,3,000200,60.9,127.7,0.401,8.65,1.758,0.106
V_donor,red,3,000210,68.8,147.2,0.463,4.82,1.615,0.105
V_donor,red,3,000220,60.9,140.3,0.425,6.80,2.004,0.091
V_donor,red,3,000230,65.6,147.7,0.441,5.90,1.744,0.095
V_donor,red,3,000240,60.9,132.6,0.385,8.50,1.765,0.117
V_donor,blue,3,last,79.7,171.3,0.463,5.33,0.847,0.115
V_donor,blue,3,000200,78.1,174.8,0.452,7.05,1.009,0.116
V_donor,blue,3,000210,73.4,158.4,0.414,6.97,1.005,0.127
V_donor,blue,3,000220,82.8,183.9,0.482,4.24,0.778,0.122
V_donor,blue,3,000230,81.2,167.9,0.474,5.99,0.800,0.110
V_donor,blue,3,000240,76.6,177.7,0.432,5.25,0.780,0.136
sup_donor,red,1,last,26.6,78.4,0.214,17.22,4.175,0.723
sup_donor,red,1,000200,32.8,91.4,0.174,16.45,4.534,0.482
sup_donor,red,1,000210,18.8,51.8,0.123,26.02,4.944,0.632
sup_donor,red,1,000220,39.1,100.8,0.273,19.79,4.633,0.548
sup_donor,red,1,000230,37.5,101.4,0.278,20.39,3.759,0.564
sup_donor,blue,1,last,12.5,60.6,0.073,21.06,3.038,0.085
sup_donor,blue,1,000200,12.5,60.6,0.059,20.01,2.963,0.089
sup_donor,blue,1,000210,14.1,65.4,0.073,18.75,2.911,0.086
sup_donor,blue,1,000220,10.9,57.3,0.066,21.82,3.457,0.087
sup_donor,blue,1,000230,9.4,53.4,0.050,23.43,3.534,0.074
sup_donor,blue,1,000240,14.1,64.7,0.074,19.29,2.794,0.069
sup_donor,red,2,last,0.0,57.4,0.000,20.22,5.999,0.548
sup_donor,red,2,000200,10.9,155.0,0.054,3.35,0.295,0.053
sup_donor,red,2,000210,0.0,55.1,0.003,26.21,3.307,0.365
sup_donor,red,2,000220,0.0,21.0,0.000,33.84,5.523,0.562
sup_donor,red,2,000230,0.0,42.2,0.000,20.19,6.479,0.421
sup_donor,red,2,000240,0.0,75.3,0.002,12.55,5.588,0.398
sup_donor,blue,2,last,32.8,88.4,0.167,18.58,2.832,0.171
sup_donor,blue,2,000200,31.2,86.8,0.160,19.01,2.737,0.172
sup_donor,blue,2,000210,26.6,76.2,0.136,19.42,2.940,0.136
sup_donor,blue,2,000220,40.6,97.3,0.187,13.79,2.215,0.174
sup_donor,blue,2,000230,35.9,84.6,0.168,19.23,2.937,0.177
sup_donor,blue,2,000240,31.2,91.5,0.176,17.32,2.624,0.168
sup_donor,red,3,last,0.0,70.4,0.000,19.16,3.625,0.482
sup_donor,red,3,000200,0.0,71.5,0.000,20.55,3.251,0.578
sup_donor,red,3,000210,0.0,64.1,0.000,21.22,3.165,0.568
sup_donor,red,3,000220,0.0,68.6,0.000,21.33,3.091,0.640
sup_donor,red,3,000230,0.0,65.5,0.000,22.71,3.289,0.522
sup_donor,red,3,000240,0.0,70.1,0.000,19.47,3.141,0.395
sup_donor,blue,3,last,10.9,58.2,0.066,23.89,3.438,0.086
sup_donor,blue,3,000200,20.3,74.9,0.110,18.02,2.548,0.091
sup_donor,blue,3,000210,17.2,67.7,0.088,18.37,3.117,0.075
sup_donor,blue,3,000220,20.3,73.5,0.109,17.82,2.742,0.103
sup_donor,blue,3,000230,20.3,68.8,0.109,21.26,3.193,0.110
sup_donor,blue,3,000240,15.6,57.2,0.084,24.60,3.503,0.100
init,red,1,last,76.6,174.0,0.480,9.96,1.598,0.101
init,red,1,000200,76.6,186.6,0.476,7.86,1.255,0.085
init,red,1,000210,65.6,151.9,0.384,12.71,1.846,0.084
init,red,1,000220,78.1,174.9,0.494,9.66,1.487,0.070
init,red,1,000230,78.1,173.9,0.496,9.58,1.498,0.090
init,red,1,000240,71.9,154.0,0.448,11.08,1.507,0.094
init,blue,1,last,71.9,148.2,0.384,5.99,1.055,0.143
init,blue,1,000200,79.7,148.8,0.430,6.45,1.048,0.123
init,blue,1,000210,73.4,151.4,0.393,6.22,0.992,0.136
init,blue,1,000220,71.9,151.5,0.401,4.89,0.970,0.141
init,blue,1,000230,70.3,144.6,0.386,6.25,0.944,0.141
init,blue,1,000240,71.9,144.7,0.382,6.05,0.922,0.145
init,red,2,last,64.1,144.1,0.434,13.83,1.916,0.065
init,red,2,000200,75.0,199.7,0.538,8.89,1.308,0.051
init,red,2,000210,65.6,167.8,0.449,10.93,1.443,0.054
init,red,2,000220,73.4,189.7,0.512,9.42,1.281,0.120
init,red,2,000230,75.0,178.9,0.505,9.42,1.173,0.056
init,red,2,000240,7.8,125.1,0.332,15.34,1.973,0.159
init,blue,2,last,10.9,114.0,0.202,12.61,1.395,0.228
init,blue,2,000200,82.8,211.7,0.574,6.46,0.958,0.044
init,blue,2,000210,76.6,186.2,0.523,9.33,1.316,0.049
init,blue,2,000220,70.3,184.3,0.534,9.05,1.234,0.063
init,blue,2,000230,68.8,166.3,0.505,9.09,1.348,0.079
init,blue,2,000240,18.8,108.8,0.200,14.02,1.679,0.239
